type,n_mut,mutations,mut_str,pred_brightness,pred_relative,seq,esm_pll,esm_pll_per_res,wt_pll_per_res,esm_delta_pll,combined
avGFP,2,"[(152, 'S'), (171, 'Q')]",I152S:I171Q,4.6339366137981415,8.217211812635187,MSKGEELFTGVVPILVELDGDVNGHKFSVSGEGEGDATYGKLTLKFICTTGKLPVPWPTLVTTLSYGVQCFSRYPDHMKQHDFFKSAMPEGYVQERTIFFKDDGNYKTRAEVKFEGDTLVNRIELKGIDFKEDGNILGHKLEYNYNSHNVYSMADKQKNGIKVNFKIRHNQEDGSVQLADHYQQNTPIGDGPVLLPDNHYLSTQSALSKDPNEKRDHMVLLEFVTAAGITHGMDELYK,-112.80011749267578,-0.4739500734986377,-0.4712399074009487,-0.0027101660976890374,3.278853564953623
avGFP,2,"[(152, 'S'), (127, 'A')]",I152S:G127A,4.617650598287582,7.914773049440129,MSKGEELFTGVVPILVELDGDVNGHKFSVSGEGEGDATYGKLTLKFICTTGKLPVPWPTLVTTLSYGVQCFSRYPDHMKQHDFFKSAMPEGYVQERTIFFKDDGNYKTRAEVKFEGDTLVNRIELKAIDFKEDGNILGHKLEYNYNSHNVYSMADKQKNGIKVNFKIRHNIEDGSVQLADHYQQNTPIGDGPVLLPDNHYLSTQSALSKDPNEKRDHMVLLEFVTAAGITHGMDELYK,-113.35179138183594,-0.47626803101611737,-0.4712399074009487,-0.005028123615168689,2.103588790703238
avGFP,2,"[(171, 'Q'), (127, 'A')]",I171Q:G127A,4.545306980609894,6.700309261793647,MSKGEELFTGVVPILVELDGDVNGHKFSVSGEGEGDATYGKLTLKFICTTGKLPVPWPTLVTTLSYGVQCFSRYPDHMKQHDFFKSAMPEGYVQERTIFFKDDGNYKTRAEVKFEGDTLVNRIELKAIDFKEDGNILGHKLEYNYNSHNVYIMADKQKNGIKVNFKIRHNQEDGSVQLADHYQQNTPIGDGPVLLPDNHYLSTQSALSKDPNEKRDHMVLLEFVTAAGITHGMDELYK,-112.46337890625,-0.47253520548844535,-0.4712399074009487,-0.0012952980874966769,3.897657936861555
avGFP,2,"[(152, 'S'), (169, 'R')]",I152S:H169R,4.5096824169158936,6.172630563735919,MSKGEELFTGVVPILVELDGDVNGHKFSVSGEGEGDATYGKLTLKFICTTGKLPVPWPTLVTTLSYGVQCFSRYPDHMKQHDFFKSAMPEGYVQERTIFFKDDGNYKTRAEVKFEGDTLVNRIELKGIDFKEDGNILGHKLEYNYNSHNVYSMADKQKNGIKVNFKIRRNIEDGSVQLADHYQQNTPIGDGPVLLPDNHYLSTQSALSKDPNEKRDHMVLLEFVTAAGITHGMDELYK,-111.79342651367188,-0.4697202794692096,-0.4712399074009487,0.0015196279317390982,5.269496382785443
avGFP,2,"[(152, 'S'), (104, 'C')]",I152S:G104C,4.490542501211166,5.906502188434185,MSKGEELFTGVVPILVELDGDVNGHKFSVSGEGEGDATYGKLTLKFICTTGKLPVPWPTLVTTLSYGVQCFSRYPDHMKQHDFFKSAMPEGYVQERTIFFKDDCNYKTRAEVKFEGDTLVNRIELKGIDFKEDGNILGHKLEYNYNSHNVYSMADKQKNGIKVNFKIRHNIEDGSVQLADHYQQNTPIGDGPVLLPDNHYLSTQSALSKDPNEKRDHMVLLEFVTAAGITHGMDELYK,-113.784912109375,-0.4780878660057773,-0.4712399074009487,-0.006847958604828619,1.0665631987968567
avGFP,2,"[(152, 'S'), (127, 'Y')]",I152S:G127Y,4.47149670124054,5.653072681820639,MSKGEELFTGVVPILVELDGDVNGHKFSVSGEGEGDATYGKLTLKFICTTGKLPVPWPTLVTTLSYGVQCFSRYPDHMKQHDFFKSAMPEGYVQERTIFFKDDGNYKTRAEVKFEGDTLVNRIELKYIDFKEDGNILGHKLEYNYNSHNVYSMADKQKNGIKVNFKIRHNIEDGSVQLADHYQQNTPIGDGPVLLPDNHYLSTQSALSKDPNEKRDHMVLLEFVTAAGITHGMDELYK,-113.44279479980469,-0.4766503983185071,-0.4712399074009487,-0.005410490917558408,1.7662512424613364
avGFP,2,"[(152, 'S'), (179, 'E')]",I152S:A179E,4.44574847817421,5.327658097125401,MSKGEELFTGVVPILVELDGDVNGHKFSVSGEGEGDATYGKLTLKFICTTGKLPVPWPTLVTTLSYGVQCFSRYPDHMKQHDFFKSAMPEGYVQERTIFFKDDGNYKTRAEVKFEGDTLVNRIELKGIDFKEDGNILGHKLEYNYNSHNVYSMADKQKNGIKVNFKIRHNIEDGSVQLEDHYQQNTPIGDGPVLLPDNHYLSTQSALSKDPNEKRDHMVLLEFVTAAGITHGMDELYK,-112.13518524169922,-0.47115624051134125,-0.4712399074009487,8.366688960742552e-05,4.487581922977922
avGFP,2,"[(171, 'Q'), (169, 'R')]",I171Q:H169R,4.437338799238205,5.2254857438718245,MSKGEELFTGVVPILVELDGDVNGHKFSVSGEGEGDATYGKLTLKFICTTGKLPVPWPTLVTTLSYGVQCFSRYPDHMKQHDFFKSAMPEGYVQERTIFFKDDGNYKTRAEVKFEGDTLVNRIELKGIDFKEDGNILGHKLEYNYNSHNVYIMADKQKNGIKVNFKIRRNQEDGSVQLADHYQQNTPIGDGPVLLPDNHYLSTQSALSKDPNEKRDHMVLLEFVTAAGITHGMDELYK,-111.88302612304688,-0.47009674841616333,-0.4712399074009487,0.0011431589847853418,5.008918291630875
avGFP,2,"[(152, 'S'), (83, 'H')]",I152S:F83H,4.428831607103348,5.124122162928496,MSKGEELFTGVVPILVELDGDVNGHKFSVSGEGEGDATYGKLTLKFICTTGKLPVPWPTLVTTLSYGVQCFSRYPDHMKQHDHFKSAMPEGYVQERTIFFKDDGNYKTRAEVKFEGDTLVNRIELKGIDFKEDGNILGHKLEYNYNSHNVYSMADKQKNGIKVNFKIRHNIEDGSVQLADHYQQNTPIGDGPVLLPDNHYLSTQSALSKDPNEKRDHMVLLEFVTAAGITHGMDELYK,-113.74537658691406,-0.47792175036518514,-0.4712399074009487,-0.006681842964236462,1.0879101249851169
avGFP,2,"[(152, 'S'), (38, 'R')]",I152S:T38R,4.426819071173668,5.100431733834676,MSKGEELFTGVVPILVELDGDVNGHKFSVSGEGEGDARYGKLTLKFICTTGKLPVPWPTLVTTLSYGVQCFSRYPDHMKQHDFFKSAMPEGYVQERTIFFKDDGNYKTRAEVKFEGDTLVNRIELKGIDFKEDGNILGHKLEYNYNSHNVYSMADKQKNGIKVNFKIRHNIEDGSVQLADHYQQNTPIGDGPVLLPDNHYLSTQSALSKDPNEKRDHMVLLEFVTAAGITHGMDELYK,-111.37713623046875,-0.46797116063222166,-0.4712399074009487,0.0032687467687270155,6.061192455537176
avGFP,2,"[(152, 'S'), (104, 'H')]",I152S:G104H,4.422334805130959,5.048038670142917,MSKGEELFTGVVPILVELDGDVNGHKFSVSGEGEGDATYGKLTLKFICTTGKLPVPWPTLVTTLSYGVQCFSRYPDHMKQHDFFKSAMPEGYVQERTIFFKDDHNYKTRAEVKFEGDTLVNRIELKGIDFKEDGNILGHKLEYNYNSHNVYSMADKQKNGIKVNFKIRHNIEDGSVQLADHYQQNTPIGDGPVLLPDNHYLSTQSALSKDPNEKRDHMVLLEFVTAAGITHGMDELYK,-113.89387512207031,-0.4785456937902114,-0.4712399074009487,-0.007305786389262714,0.7694416104996016
avGFP,2,"[(152, 'S'), (170, 'A')]",I152S:N170A,4.421195790171623,5.034816631966631,MSKGEELFTGVVPILVELDGDVNGHKFSVSGEGEGDATYGKLTLKFICTTGKLPVPWPTLVTTLSYGVQCFSRYPDHMKQHDFFKSAMPEGYVQERTIFFKDDGNYKTRAEVKFEGDTLVNRIELKGIDFKEDGNILGHKLEYNYNSHNVYSMADKQKNGIKVNFKIRHAIEDGSVQLADHYQQNTPIGDGPVLLPDNHYLSTQSALSKDPNEKRDHMVLLEFVTAAGITHGMDELYK,-112.8157958984375,-0.47401594915309875,-0.4712399074009487,-0.0027760417521500713,3.0331749140965876
avGFP,3,"[(152, 'S'), (171, 'Q'), (127, 'A')]",I152S:I171Q:G127A,5.073172748088837,22.59230883015013,MSKGEELFTGVVPILVELDGDVNGHKFSVSGEGEGDATYGKLTLKFICTTGKLPVPWPTLVTTLSYGVQCFSRYPDHMKQHDFFKSAMPEGYVQERTIFFKDDGNYKTRAEVKFEGDTLVNRIELKAIDFKEDGNILGHKLEYNYNSHNVYSMADKQKNGIKVNFKIRHNQEDGSVQLADHYQQNTPIGDGPVLLPDNHYLSTQSALSKDPNEKRDHMVLLEFVTAAGITHGMDELYK,-113.41090393066406,-0.4765164030700171,-0.4712399074009487,-0.005276495669068404,2.4349249135546347
avGFP,3,"[(152, 'S'), (171, 'Q'), (169, 'R')]",I152S:I171Q:H169R,4.965204566717148,17.61945353571575,MSKGEELFTGVVPILVELDGDVNGHKFSVSGEGEGDATYGKLTLKFICTTGKLPVPWPTLVTTLSYGVQCFSRYPDHMKQHDFFKSAMPEGYVQERTIFFKDDGNYKTRAEVKFEGDTLVNRIELKGIDFKEDGNILGHKLEYNYNSHNVYSMADKQKNGIKVNFKIRRNQEDGSVQLADHYQQNTPIGDGPVLLPDNHYLSTQSALSKDPNEKRDHMVLLEFVTAAGITHGMDELYK,-112.28068542480469,-0.4717675858185071,-0.4712399074009487,-0.0005276784175584082,4.701365357937943
avGFP,3,"[(152, 'S'), (127, 'A'), (169, 'R')]",I152S:G127A:H169R,4.948918551206589,16.97096036588887,MSKGEELFTGVVPILVELDGDVNGHKFSVSGEGEGDATYGKLTLKFICTTGKLPVPWPTLVTTLSYGVQCFSRYPDHMKQHDFFKSAMPEGYVQERTIFFKDDGNYKTRAEVKFEGDTLVNRIELKAIDFKEDGNILGHKLEYNYNSHNVYSMADKQKNGIKVNFKIRRNIEDGSVQLADHYQQNTPIGDGPVLLPDNHYLSTQSALSKDPNEKRDHMVLLEFVTAAGITHGMDELYK,-112.60646057128906,-0.47313638895499605,-0.4712399074009487,-0.001896481554047369,4.000677774182904
avGFP,3,"[(152, 'S'), (171, 'Q'), (104, 'C')]",I152S:I171Q:G104C,4.946064651012421,16.859803902589732,MSKGEELFTGVVPILVELDGDVNGHKFSVSGEGEGDATYGKLTLKFICTTGKLPVPWPTLVTTLSYGVQCFSRYPDHMKQHDFFKSAMPEGYVQERTIFFKDDCNYKTRAEVKFEGDTLVNRIELKGIDFKEDGNILGHKLEYNYNSHNVYSMADKQKNGIKVNFKIRHNQEDGSVQLADHYQQNTPIGDGPVLLPDNHYLSTQSALSKDPNEKRDHMVLLEFVTAAGITHGMDELYK,-114.0119400024414,-0.47904176471614035,-0.4712399074009487,-0.007801857315191674,1.0451359934165838
avGFP,3,"[(152, 'S'), (127, 'A'), (104, 'C')]",I152S:G127A:G104C,4.929778635501862,16.23927003340434,MSKGEELFTGVVPILVELDGDVNGHKFSVSGEGEGDATYGKLTLKFICTTGKLPVPWPTLVTTLSYGVQCFSRYPDHMKQHDFFKSAMPEGYVQERTIFFKDDCNYKTRAEVKFEGDTLVNRIELKAIDFKEDGNILGHKLEYNYNSHNVYSMADKQKNGIKVNFKIRHNIEDGSVQLADHYQQNTPIGDGPVLLPDNHYLSTQSALSKDPNEKRDHMVLLEFVTAAGITHGMDELYK,-114.72933959960938,-0.4820560487378545,-0.4712399074009487,-0.010816141336905838,-0.4782920329510576
avGFP,3,"[(152, 'S'), (171, 'Q'), (127, 'Y')]",I152S:I171Q:G127Y,4.927018851041794,16.136402530962176,MSKGEELFTGVVPILVELDGDVNGHKFSVSGEGEGDATYGKLTLKFICTTGKLPVPWPTLVTTLSYGVQCFSRYPDHMKQHDFFKSAMPEGYVQERTIFFKDDGNYKTRAEVKFEGDTLVNRIELKYIDFKEDGNILGHKLEYNYNSHNVYSMADKQKNGIKVNFKIRHNQEDGSVQLADHYQQNTPIGDGPVLLPDNHYLSTQSALSKDPNEKRDHMVLLEFVTAAGITHGMDELYK,-113.76695251464844,-0.4780124055237329,-0.4712399074009487,-0.006772498122784243,1.5407697896496724
avGFP,3,"[(152, 'S'), (171, 'Q'), (179, 'E')]",I152S:I171Q:A179E,4.901270627975464,15.207523490546745,MSKGEELFTGVVPILVELDGDVNGHKFSVSGEGEGDATYGKLTLKFICTTGKLPVPWPTLVTTLSYGVQCFSRYPDHMKQHDFFKSAMPEGYVQERTIFFKDDGNYKTRAEVKFEGDTLVNRIELKGIDFKEDGNILGHKLEYNYNSHNVYSMADKQKNGIKVNFKIRHNQEDGSVQLEDHYQQNTPIGDGPVLLPDNHYLSTQSALSKDPNEKRDHMVLLEFVTAAGITHGMDELYK,-111.90817260742188,-0.4702024059135373,-0.4712399074009487,0.0010375014874113853,5.420021371681156
avGFP,3,"[(152, 'S'), (127, 'A'), (179, 'E')]",I152S:G127A:A179E,4.884984612464905,14.647802663018776,MSKGEELFTGVVPILVELDGDVNGHKFSVSGEGEGDATYGKLTLKFICTTGKLPVPWPTLVTTLSYGVQCFSRYPDHMKQHDFFKSAMPEGYVQERTIFFKDDGNYKTRAEVKFEGDTLVNRIELKAIDFKEDGNILGHKLEYNYNSHNVYSMADKQKNGIKVNFKIRHNIEDGSVQLEDHYQQNTPIGDGPVLLPDNHYLSTQSALSKDPNEKRDHMVLLEFVTAAGITHGMDELYK,-113.56785583496094,-0.477175864852777,-0.4712399074009487,-0.005935957451828344,1.917005886550733
avGFP,3,"[(152, 'S'), (171, 'Q'), (83, 'H')]",I152S:I171Q:F83H,4.884353756904602,14.62654073151048,MSKGEELFTGVVPILVELDGDVNGHKFSVSGEGEGDATYGKLTLKFICTTGKLPVPWPTLVTTLSYGVQCFSRYPDHMKQHDHFKSAMPEGYVQERTIFFKDDGNYKTRAEVKFEGDTLVNRIELKGIDFKEDGNILGHKLEYNYNSHNVYSMADKQKNGIKVNFKIRHNQEDGSVQLADHYQQNTPIGDGPVLLPDNHYLSTQSALSKDPNEKRDHMVLLEFVTAAGITHGMDELYK,-113.92976379394531,-0.478696486529182,-0.4712399074009487,-0.007456579128233332,1.1560641927879365
avGFP,3,"[(152, 'S'), (171, 'Q'), (38, 'R')]",I152S:I171Q:T38R,4.882341220974922,14.55891763138328,MSKGEELFTGVVPILVELDGDVNGHKFSVSGEGEGDARYGKLTLKFICTTGKLPVPWPTLVTTLSYGVQCFSRYPDHMKQHDFFKSAMPEGYVQERTIFFKDDGNYKTRAEVKFEGDTLVNRIELKGIDFKEDGNILGHKLEYNYNSHNVYSMADKQKNGIKVNFKIRHNQEDGSVQLADHYQQNTPIGDGPVLLPDNHYLSTQSALSKDPNEKRDHMVLLEFVTAAGITHGMDELYK,-112.06560516357422,-0.4708638872419085,-0.4712399074009487,0.00037602015904020236,5.070351300495023
avGFP,3,"[(152, 'S'), (171, 'Q'), (104, 'H')]",I152S:I171Q:G104H,4.877856954932213,14.40936435069058,MSKGEELFTGVVPILVELDGDVNGHKFSVSGEGEGDATYGKLTLKFICTTGKLPVPWPTLVTTLSYGVQCFSRYPDHMKQHDFFKSAMPEGYVQERTIFFKDDHNYKTRAEVKFEGDTLVNRIELKGIDFKEDGNILGHKLEYNYNSHNVYSMADKQKNGIKVNFKIRHNQEDGSVQLADHYQQNTPIGDGPVLLPDNHYLSTQSALSKDPNEKRDHMVLLEFVTAAGITHGMDELYK,-113.84556579589844,-0.4783427134281447,-0.4712399074009487,-0.00710280602719604,1.3264539413341927
avGFP,3,"[(152, 'S'), (171, 'Q'), (170, 'A')]",I152S:I171Q:N170A,4.8767179399728775,14.37162272904499,MSKGEELFTGVVPILVELDGDVNGHKFSVSGEGEGDATYGKLTLKFICTTGKLPVPWPTLVTTLSYGVQCFSRYPDHMKQHDFFKSAMPEGYVQERTIFFKDDGNYKTRAEVKFEGDTLVNRIELKGIDFKEDGNILGHKLEYNYNSHNVYSMADKQKNGIKVNFKIRHAQEDGSVQLADHYQQNTPIGDGPVLLPDNHYLSTQSALSKDPNEKRDHMVLLEFVTAAGITHGMDELYK,-112.20793151855469,-0.4714618971367844,-0.4712399074009487,-0.0002219897358357037,4.765723072055025
avGFP,4,"[(152, 'S'), (171, 'Q'), (127, 'A'), (169, 'R')]",I152S:I171Q:G127A:H169R,5.404440701007843,48.44272543702573,MSKGEELFTGVVPILVELDGDVNGHKFSVSGEGEGDATYGKLTLKFICTTGKLPVPWPTLVTTLSYGVQCFSRYPDHMKQHDFFKSAMPEGYVQERTIFFKDDGNYKTRAEVKFEGDTLVNRIELKAIDFKEDGNILGHKLEYNYNSHNVYSMADKQKNGIKVNFKIRRNQEDGSVQLADHYQQNTPIGDGPVLLPDNHYLSTQSALSKDPNEKRDHMVLLEFVTAAGITHGMDELYK,-112.80558013916016,-0.47397302579479056,-0.4712399074009487,-0.0027331183938418824,4.037881504086902
avGFP,4,"[(152, 'S'), (171, 'Q'), (127, 'A'), (104, 'C')]",I152S:I171Q:G127A:G104C,5.385300785303116,46.35415336347839,MSKGEELFTGVVPILVELDGDVNGHKFSVSGEGEGDATYGKLTLKFICTTGKLPVPWPTLVTTLSYGVQCFSRYPDHMKQHDFFKSAMPEGYVQERTIFFKDDCNYKTRAEVKFEGDTLVNRIELKAIDFKEDGNILGHKLEYNYNSHNVYSMADKQKNGIKVNFKIRHNQEDGSVQLADHYQQNTPIGDGPVLLPDNHYLSTQSALSKDPNEKRDHMVLLEFVTAAGITHGMDELYK,-114.6656723022461,-0.48178853908506764,-0.4712399074009487,-0.010548631684118959,0.11098494324363628
avGFP,4,"[(152, 'S'), (171, 'Q'), (127, 'A'), (179, 'E')]",I152S:I171Q:G127A:A179E,5.340506762266159,41.81139236448792,MSKGEELFTGVVPILVELDGDVNGHKFSVSGEGEGDATYGKLTLKFICTTGKLPVPWPTLVTTLSYGVQCFSRYPDHMKQHDFFKSAMPEGYVQERTIFFKDDGNYKTRAEVKFEGDTLVNRIELKAIDFKEDGNILGHKLEYNYNSHNVYSMADKQKNGIKVNFKIRHNQEDGSVQLEDHYQQNTPIGDGPVLLPDNHYLSTQSALSKDPNEKRDHMVLLEFVTAAGITHGMDELYK,-113.00711059570312,-0.4748197924189207,-0.4712399074009487,-0.0035798850179720176,3.5505642532801502
avGFP,4,"[(152, 'S'), (171, 'Q'), (127, 'A'), (83, 'H')]",I152S:I171Q:G127A:F83H,5.323589891195297,40.21404496534248,MSKGEELFTGVVPILVELDGDVNGHKFSVSGEGEGDATYGKLTLKFICTTGKLPVPWPTLVTTLSYGVQCFSRYPDHMKQHDHFKSAMPEGYVQERTIFFKDDGNYKTRAEVKFEGDTLVNRIELKAIDFKEDGNILGHKLEYNYNSHNVYSMADKQKNGIKVNFKIRHNQEDGSVQLADHYQQNTPIGDGPVLLPDNHYLSTQSALSKDPNEKRDHMVLLEFVTAAGITHGMDELYK,-114.75137329101562,-0.48214862727317487,-0.4712399074009487,-0.010908719872226191,-0.13077004491779842
avGFP,4,"[(152, 'S'), (171, 'Q'), (127, 'A'), (38, 'R')]",I152S:I171Q:G127A:T38R,5.321577355265617,40.028122781886445,MSKGEELFTGVVPILVELDGDVNGHKFSVSGEGEGDARYGKLTLKFICTTGKLPVPWPTLVTTLSYGVQCFSRYPDHMKQHDFFKSAMPEGYVQERTIFFKDDGNYKTRAEVKFEGDTLVNRIELKAIDFKEDGNILGHKLEYNYNSHNVYSMADKQKNGIKVNFKIRHNQEDGSVQLADHYQQNTPIGDGPVLLPDNHYLSTQSALSKDPNEKRDHMVLLEFVTAAGITHGMDELYK,-112.83535766601562,-0.47409814145384716,-0.4712399074009487,-0.0028582340528984784,3.8924603288163784
avGFP,4,"[(152, 'S'), (171, 'Q'), (127, 'A'), (104, 'H')]",I152S:I171Q:G127A:G104H,5.317093089222908,39.61694269051089,MSKGEELFTGVVPILVELDGDVNGHKFSVSGEGEGDATYGKLTLKFICTTGKLPVPWPTLVTTLSYGVQCFSRYPDHMKQHDFFKSAMPEGYVQERTIFFKDDHNYKTRAEVKFEGDTLVNRIELKAIDFKEDGNILGHKLEYNYNSHNVYSMADKQKNGIKVNFKIRHNQEDGSVQLADHYQQNTPIGDGPVLLPDNHYLSTQSALSKDPNEKRDHMVLLEFVTAAGITHGMDELYK,-114.4557113647461,-0.4809063502720424,-0.4712399074009487,-0.00966644287109375,0.483871653676033
avGFP,4,"[(152, 'S'), (171, 'Q'), (127, 'A'), (170, 'A')]",I152S:I171Q:G127A:N170A,5.315954074263573,39.51317630461139,MSKGEELFTGVVPILVELDGDVNGHKFSVSGEGEGDATYGKLTLKFICTTGKLPVPWPTLVTTLSYGVQCFSRYPDHMKQHDFFKSAMPEGYVQERTIFFKDDGNYKTRAEVKFEGDTLVNRIELKAIDFKEDGNILGHKLEYNYNSHNVYSMADKQKNGIKVNFKIRHAQEDGSVQLADHYQQNTPIGDGPVLLPDNHYLSTQSALSKDPNEKRDHMVLLEFVTAAGITHGMDELYK,-112.34329223632812,-0.4720306396484375,-0.4712399074009487,-0.0007907322474888234,4.920587950519161
avGFP,4,"[(152, 'S'), (171, 'Q'), (127, 'A'), (162, 'A')]",I152S:I171Q:G127A:K162A,5.307768985629082,38.77545062539865,MSKGEELFTGVVPILVELDGDVNGHKFSVSGEGEGDATYGKLTLKFICTTGKLPVPWPTLVTTLSYGVQCFSRYPDHMKQHDFFKSAMPEGYVQERTIFFKDDGNYKTRAEVKFEGDTLVNRIELKAIDFKEDGNILGHKLEYNYNSHNVYSMADKQKNGIAVNFKIRHNQEDGSVQLADHYQQNTPIGDGPVLLPDNHYLSTQSALSKDPNEKRDHMVLLEFVTAAGITHGMDELYK,-113.24663543701172,-0.4758261993151753,-0.4712399074009487,-0.004586291914226603,3.0146230285157802
avGFP,4,"[(152, 'S'), (171, 'Q'), (127, 'A'), (4, 'R')]",I152S:I171Q:G127A:G4R,5.306659415364265,38.67651044794597,MSKREELFTGVVPILVELDGDVNGHKFSVSGEGEGDATYGKLTLKFICTTGKLPVPWPTLVTTLSYGVQCFSRYPDHMKQHDFFKSAMPEGYVQERTIFFKDDGNYKTRAEVKFEGDTLVNRIELKAIDFKEDGNILGHKLEYNYNSHNVYSMADKQKNGIKVNFKIRHNQEDGSVQLADHYQQNTPIGDGPVLLPDNHYLSTQSALSKDPNEKRDHMVLLEFVTAAGITHGMDELYK,-113.26274108886719,-0.4758938701212907,-0.4712399074009487,-0.00465396272034202,2.9796780551932556
avGFP,4,"[(152, 'S'), (171, 'Q'), (127, 'A'), (173, 'R')]",I152S:I171Q:G127A:D173R,5.306155040860176,38.63161896684523,MSKGEELFTGVVPILVELDGDVNGHKFSVSGEGEGDATYGKLTLKFICTTGKLPVPWPTLVTTLSYGVQCFSRYPDHMKQHDFFKSAMPEGYVQERTIFFKDDGNYKTRAEVKFEGDTLVNRIELKAIDFKEDGNILGHKLEYNYNSHNVYSMADKQKNGIKVNFKIRHNQERGSVQLADHYQQNTPIGDGPVLLPDNHYLSTQSALSKDPNEKRDHMVLLEFVTAAGITHGMDELYK,-115.15154266357422,-0.48383001119148833,-0.4712399074009487,-0.012590103790539653,-0.9888968544096501
avGFP,4,"[(152, 'S'), (171, 'Q'), (127, 'A'), (42, 'N')]",I152S:I171Q:G127A:L42N,5.300271227955818,38.111767986955336,MSKGEELFTGVVPILVELDGDVNGHKFSVSGEGEGDATYGKNTLKFICTTGKLPVPWPTLVTTLSYGVQCFSRYPDHMKQHDFFKSAMPEGYVQERTIFFKDDGNYKTRAEVKFEGDTLVNRIELKAIDFKEDGNILGHKLEYNYNSHNVYSMADKQKNGIKVNFKIRHNQEDGSVQLADHYQQNTPIGDGPVLLPDNHYLSTQSALSKDPNEKRDHMVLLEFVTAAGITHGMDELYK,-112.43440246582031,-0.47241345573874083,-0.4712399074009487,-0.0011735483377921518,4.713497059059742
avGFP,4,"[(152, 'S'), (171, 'Q'), (127, 'A'), (97, 'M')]",I152S:I171Q:G127A:T97M,5.294210612773895,37.5836089556112,MSKGEELFTGVVPILVELDGDVNGHKFSVSGEGEGDATYGKLTLKFICTTGKLPVPWPTLVTTLSYGVQCFSRYPDHMKQHDFFKSAMPEGYVQERMIFFKDDGNYKTRAEVKFEGDTLVNRIELKAIDFKEDGNILGHKLEYNYNSHNVYSMADKQKNGIKVNFKIRHNQEDGSVQLADHYQQNTPIGDGPVLLPDNHYLSTQSALSKDPNEKRDHMVLLEFVTAAGITHGMDELYK,-113.69754028320312,-0.47772075749245013,-0.4712399074009487,-0.0064808500915014555,2.0537855670231675
amacGFP,2,"[(166, 'V'), (45, 'V')]",K166V:K45V,4.30829268693924,2.17550122604494,MSKGEELFTGIVPVLIELDGDVHGHKFSVRGEGEGDADYGKLEIVFICTTGKLPVPWPTLVTTLSYGILCFARYPEHMKMNDFFKSAMPEGYIQERTIFFQDDGKYKTRGEVKFEGDTLVNRIELKGMDFKEDGNILGHKLEYNFNSHNVYIMPDKANNGLKVNFVIRHNIEGGGVQLADHYQTNVPLGDGPVLIPINHYLSCQTAISKDRNETRDHMVFLEFFSACGHTHGMDELYK,-112.41910552978516,-0.47234918289825695,-0.46677661543132876,-0.005572567466928191,1.5220089534751446
amacGFP,2,"[(166, 'V'), (148, 'K')]",K166V:H148K,4.297461554408073,2.1219160601134925,MSKGEELFTGIVPVLIELDGDVHGHKFSVRGEGEGDADYGKLEIKFICTTGKLPVPWPTLVTTLSYGILCFARYPEHMKMNDFFKSAMPEGYIQERTIFFQDDGKYKTRGEVKFEGDTLVNRIELKGMDFKEDGNILGHKLEYNFNSKNVYIMPDKANNGLKVNFVIRHNIEGGGVQLADHYQTNVPLGDGPVLIPINHYLSCQTAISKDRNETRDHMVFLEFFSACGHTHGMDELYK,-111.50137329101562,-0.46849316508830097,-0.46677661543132876,-0.0017165496569722105,3.439186725921968
amacGFP,2,"[(166, 'V'), (200, 'V')]",K166V:Y200V,4.288599669933319,2.07905661293439,MSKGEELFTGIVPVLIELDGDVHGHKFSVRGEGEGDADYGKLEIKFICTTGKLPVPWPTLVTTLSYGILCFARYPEHMKMNDFFKSAMPEGYIQERTIFFQDDGKYKTRGEVKFEGDTLVNRIELKGMDFKEDGNILGHKLEYNFNSHNVYIMPDKANNGLKVNFVIRHNIEGGGVQLADHYQTNVPLGDGPVLIPINHVLSCQTAISKDRNETRDHMVFLEFFSACGHTHGMDELYK,-110.9835205078125,-0.4663173130580357,-0.46677661543132876,0.0004593023732930579,4.518250856579848
amacGFP,2,"[(166, 'V'), (100, 'P')]",K166V:F100P,4.284594565629959,2.0599714961574587,MSKGEELFTGIVPVLIELDGDVHGHKFSVRGEGEGDADYGKLEIKFICTTGKLPVPWPTLVTTLSYGILCFARYPEHMKMNDFFKSAMPEGYIQERTIFPQDDGKYKTRGEVKFEGDTLVNRIELKGMDFKEDGNILGHKLEYNFNSHNVYIMPDKANNGLKVNFVIRHNIEGGGVQLADHYQTNVPLGDGPVLIPINHYLSCQTAISKDRNETRDHMVFLEFFSACGHTHGMDELYK,-111.52401733398438,-0.4685883081259848,-0.46677661543132876,-0.0018116926946560308,3.3787482183019435
amacGFP,2,"[(45, 'V'), (148, 'K')]",K45V:H148K,4.274580135941505,2.0130139354752767,MSKGEELFTGIVPVLIELDGDVHGHKFSVRGEGEGDADYGKLEIVFICTTGKLPVPWPTLVTTLSYGILCFARYPEHMKMNDFFKSAMPEGYIQERTIFFQDDGKYKTRGEVKFEGDTLVNRIELKGMDFKEDGNILGHKLEYNFNSKNVYIMPDKANNGLKVNFKIRHNIEGGGVQLADHYQTNVPLGDGPVLIPINHYLSCQTAISKDRNETRDHMVFLEFFSACGHTHGMDELYK,-112.47044372558594,-0.4725648896033023,-0.46677661543132876,-0.005788274171973529,1.3804430499547413
amacGFP,2,"[(166, 'V'), (45, 'C')]",K166V:K45C,4.271890178322792,2.0005841502911665,MSKGEELFTGIVPVLIELDGDVHGHKFSVRGEGEGDADYGKLEICFICTTGKLPVPWPTLVTTLSYGILCFARYPEHMKMNDFFKSAMPEGYIQERTIFFQDDGKYKTRGEVKFEGDTLVNRIELKGMDFKEDGNILGHKLEYNFNSHNVYIMPDKANNGLKVNFVIRHNIEGGGVQLADHYQTNVPLGDGPVLIPINHYLSCQTAISKDRNETRDHMVFLEFFSACGHTHGMDELYK,-112.45217895507812,-0.4724881468700762,-0.46677661543132876,-0.005711531438747419,1.4161244589490822
amacGFP,2,"[(45, 'V'), (200, 'V')]",K45V:Y200V,4.265718251466751,1.9723541440442784,MSKGEELFTGIVPVLIELDGDVHGHKFSVRGEGEGDADYGKLEIVFICTTGKLPVPWPTLVTTLSYGILCFARYPEHMKMNDFFKSAMPEGYIQERTIFFQDDGKYKTRGEVKFEGDTLVNRIELKGMDFKEDGNILGHKLEYNFNSHNVYIMPDKANNGLKVNFKIRHNIEGGGVQLADHYQTNVPLGDGPVLIPINHVLSCQTAISKDRNETRDHMVFLEFFSACGHTHGMDELYK,-112.20388793945312,-0.4714449073086266,-0.46677661543132876,-0.004668291877297837,1.931572312817833
amacGFP,2,"[(166, 'V'), (200, 'P')]",K166V:Y200P,4.263260960578919,1.9612258372615967,MSKGEELFTGIVPVLIELDGDVHGHKFSVRGEGEGDADYGKLEIKFICTTGKLPVPWPTLVTTLSYGILCFARYPEHMKMNDFFKSAMPEGYIQERTIFFQDDGKYKTRGEVKFEGDTLVNRIELKGMDFKEDGNILGHKLEYNFNSHNVYIMPDKANNGLKVNFVIRHNIEGGGVQLADHYQTNVPLGDGPVLIPINHPLSCQTAISKDRNETRDHMVFLEFFSACGHTHGMDELYK,-112.3855209350586,-0.4722080711557084,-0.46677661543132876,-0.005431455724379641,1.5475330983890987
amacGFP,2,"[(45, 'V'), (166, 'T')]",K45V:K166T,4.262014880776405,1.9556067437385385,MSKGEELFTGIVPVLIELDGDVHGHKFSVRGEGEGDADYGKLEIVFICTTGKLPVPWPTLVTTLSYGILCFARYPEHMKMNDFFKSAMPEGYIQERTIFFQDDGKYKTRGEVKFEGDTLVNRIELKGMDFKEDGNILGHKLEYNFNSHNVYIMPDKANNGLKVNFTIRHNIEGGGVQLADHYQTNVPLGDGPVLIPINHYLSCQTAISKDRNETRDHMVFLEFFSACGHTHGMDELYK,-111.98197937011719,-0.47051251836183694,-0.46677661543132876,-0.0037359029305081837,2.3940634155223135
amacGFP,2,"[(45, 'V'), (100, 'P')]",K45V:F100P,4.261713147163391,1.9542485239614176,MSKGEELFTGIVPVLIELDGDVHGHKFSVRGEGEGDADYGKLEIVFICTTGKLPVPWPTLVTTLSYGILCFARYPEHMKMNDFFKSAMPEGYIQERTIFPQDDGKYKTRGEVKFEGDTLVNRIELKGMDFKEDGNILGHKLEYNFNSHNVYIMPDKANNGLKVNFKIRHNIEGGGVQLADHYQTNVPLGDGPVLIPINHYLSCQTAISKDRNETRDHMVFLEFFSACGHTHGMDELYK,-112.8355712890625,-0.4740990390296744,-0.46677661543132876,-0.007322423598345618,0.6005013479905825
amacGFP,2,"[(166, 'V'), (162, 'G')]",K166V:K162G,4.259054645895958,1.9423222774876816,MSKGEELFTGIVPVLIELDGDVHGHKFSVRGEGEGDADYGKLEIKFICTTGKLPVPWPTLVTTLSYGILCFARYPEHMKMNDFFKSAMPEGYIQERTIFFQDDGKYKTRGEVKFEGDTLVNRIELKGMDFKEDGNILGHKLEYNFNSHNVYIMPDKANNGLGVNFVIRHNIEGGGVQLADHYQTNVPLGDGPVLIPINHYLSCQTAISKDRNETRDHMVFLEFFSACGHTHGMDELYK,-111.44552612304688,-0.4682585131220457,-0.46677661543132876,-0.0014818976907169379,3.518105800537489
amacGFP,2,"[(166, 'V'), (162, 'A')]",K166V:K162A,4.256831511855125,1.932405021218364,MSKGEELFTGIVPVLIELDGDVHGHKFSVRGEGEGDADYGKLEIKFICTTGKLPVPWPTLVTTLSYGILCFARYPEHMKMNDFFKSAMPEGYIQERTIFFQDDGKYKTRGEVKFEGDTLVNRIELKGMDFKEDGNILGHKLEYNFNSHNVYIMPDKANNGLAVNFVIRHNIEGGGVQLADHYQTNVPLGDGPVLIPINHYLSCQTAISKDRNETRDHMVFLEFFSACGHTHGMDELYK,-111.65788269042969,-0.46915076760684743,-0.46677661543132876,-0.0023741521755186734,3.0697554240957885
amacGFP,3,"[(166, 'V'), (45, 'V'), (148, 'K')]",K166V:K45V:H148K,4.489641904830933,3.302999821910816,MSKGEELFTGIVPVLIELDGDVHGHKFSVRGEGEGDADYGKLEIVFICTTGKLPVPWPTLVTTLSYGILCFARYPEHMKMNDFFKSAMPEGYIQERTIFFQDDGKYKTRGEVKFEGDTLVNRIELKGMDFKEDGNILGHKLEYNFNSKNVYIMPDKANNGLKVNFVIRHNIEGGGVQLADHYQTNVPLGDGPVLIPINHYLSCQTAISKDRNETRDHMVFLEFFSACGHTHGMDELYK,-112.43498229980469,-0.4724158920159861,-0.46677661543132876,-0.005639276584657349,1.6700036125022582
amacGFP,3,"[(166, 'V'), (45, 'V'), (200, 'V')]",K166V:K45V:Y200V,4.480780020356178,3.236284295759324,MSKGEELFTGIVPVLIELDGDVHGHKFSVRGEGEGDADYGKLEIVFICTTGKLPVPWPTLVTTLSYGILCFARYPEHMKMNDFFKSAMPEGYIQERTIFFQDDGKYKTRGEVKFEGDTLVNRIELKGMDFKEDGNILGHKLEYNFNSHNVYIMPDKANNGLKVNFVIRHNIEGGGVQLADHYQTNVPLGDGPVLIPINHVLSCQTAISKDRNETRDHMVFLEFFSACGHTHGMDELYK,-112.21009826660156,-0.47147100112017465,-0.46677661543132876,-0.004694385688845892,2.133587175933232
amacGFP,3,"[(166, 'V'), (45, 'V'), (100, 'P')]",K166V:K45V:F100P,4.476774916052818,3.206576175584212,MSKGEELFTGIVPVLIELDGDVHGHKFSVRGEGEGDADYGKLEIVFICTTGKLPVPWPTLVTTLSYGILCFARYPEHMKMNDFFKSAMPEGYIQERTIFPQDDGKYKTRGEVKFEGDTLVNRIELKGMDFKEDGNILGHKLEYNFNSHNVYIMPDKANNGLKVNFVIRHNIEGGGVQLADHYQTNVPLGDGPVLIPINHYLSCQTAISKDRNETRDHMVFLEFFSACGHTHGMDELYK,-112.92671203613281,-0.47448198334509584,-0.46677661543132876,-0.0077053679137670805,0.624090959169278
amacGFP,3,"[(166, 'V'), (148, 'K'), (200, 'V')]",K166V:H148K:Y200V,4.469948887825012,3.156570789320684,MSKGEELFTGIVPVLIELDGDVHGHKFSVRGEGEGDADYGKLEIKFICTTGKLPVPWPTLVTTLSYGILCFARYPEHMKMNDFFKSAMPEGYIQERTIFFQDDGKYKTRGEVKFEGDTLVNRIELKGMDFKEDGNILGHKLEYNFNSKNVYIMPDKANNGLKVNFVIRHNIEGGGVQLADHYQTNVPLGDGPVLIPINHVLSCQTAISKDRNETRDHMVFLEFFSACGHTHGMDELYK,-111.30033874511719,-0.4676484821223411,-0.46677661543132876,-0.0008718666910123574,4.0340155423188335
amacGFP,3,"[(166, 'V'), (148, 'K'), (100, 'P')]",K166V:H148K:F100P,4.465943783521652,3.1275944152508086,MSKGEELFTGIVPVLIELDGDVHGHKFSVRGEGEGDADYGKLEIKFICTTGKLPVPWPTLVTTLSYGILCFARYPEHMKMNDFFKSAMPEGYIQERTIFPQDDGKYKTRGEVKFEGDTLVNRIELKGMDFKEDGNILGHKLEYNFNSKNVYIMPDKANNGLKVNFVIRHNIEGGGVQLADHYQTNVPLGDGPVLIPINHYLSCQTAISKDRNETRDHMVFLEFFSACGHTHGMDELYK,-111.81861877441406,-0.46982612930426076,-0.46677661543132876,-0.003049513872932008,2.941186847055648
amacGFP,3,"[(166, 'V'), (200, 'V'), (100, 'P')]",K166V:Y200V:F100P,4.457081899046898,3.064421809058776,MSKGEELFTGIVPVLIELDGDVHGHKFSVRGEGEGDADYGKLEIKFICTTGKLPVPWPTLVTTLSYGILCFARYPEHMKMNDFFKSAMPEGYIQERTIFPQDDGKYKTRGEVKFEGDTLVNRIELKGMDFKEDGNILGHKLEYNFNSHNVYIMPDKANNGLKVNFVIRHNIEGGGVQLADHYQTNVPLGDGPVLIPINHVLSCQTAISKDRNETRDHMVFLEFFSACGHTHGMDELYK,-111.28250122070312,-0.46757353454076944,-0.46677661543132876,-0.0007969191094406858,4.0586223443265546
amacGFP,3,"[(166, 'V'), (45, 'V'), (200, 'P')]",K166V:K45V:Y200P,4.455441311001778,3.0528675063873485,MSKGEELFTGIVPVLIELDGDVHGHKFSVRGEGEGDADYGKLEIVFICTTGKLPVPWPTLVTTLSYGILCFARYPEHMKMNDFFKSAMPEGYIQERTIFFQDDGKYKTRGEVKFEGDTLVNRIELKGMDFKEDGNILGHKLEYNFNSHNVYIMPDKANNGLKVNFVIRHNIEGGGVQLADHYQTNVPLGDGPVLIPINHPLSCQTAISKDRNETRDHMVFLEFFSACGHTHGMDELYK,-113.27705383300781,-0.4759540077017135,-0.46677661543132876,-0.009177392270384721,-0.13325482419058332
amacGFP,3,"[(166, 'V'), (148, 'K'), (45, 'C')]",K166V:H148K:K45C,4.453239396214485,3.037428346635563,MSKGEELFTGIVPVLIELDGDVHGHKFSVRGEGEGDADYGKLEICFICTTGKLPVPWPTLVTTLSYGILCFARYPEHMKMNDFFKSAMPEGYIQERTIFFQDDGKYKTRGEVKFEGDTLVNRIELKGMDFKEDGNILGHKLEYNFNSKNVYIMPDKANNGLKVNFVIRHNIEGGGVQLADHYQTNVPLGDGPVLIPINHYLSCQTAISKDRNETRDHMVFLEFFSACGHTHGMDELYK,-112.62411499023438,-0.47321056718585874,-0.46677661543132876,-0.006433951754529987,1.2362635189494915
amacGFP,3,"[(166, 'V'), (45, 'V'), (162, 'G')]",K166V:K45V:K162G,4.451234996318817,3.0234420000063924,MSKGEELFTGIVPVLIELDGDVHGHKFSVRGEGEGDADYGKLEIVFICTTGKLPVPWPTLVTTLSYGILCFARYPEHMKMNDFFKSAMPEGYIQERTIFFQDDGKYKTRGEVKFEGDTLVNRIELKGMDFKEDGNILGHKLEYNFNSHNVYIMPDKANNGLGVNFVIRHNIEGGGVQLADHYQTNVPLGDGPVLIPINHYLSCQTAISKDRNETRDHMVFLEFFSACGHTHGMDELYK,-112.95294189453125,-0.4745921928341649,-0.46677661543132876,-0.007815577402836171,0.5434462949007317
amacGFP,3,"[(166, 'V'), (45, 'V'), (162, 'A')]",K166V:K45V:K162A,4.449011862277985,3.008004680732957,MSKGEELFTGIVPVLIELDGDVHGHKFSVRGEGEGDADYGKLEIVFICTTGKLPVPWPTLVTTLSYGILCFARYPEHMKMNDFFKSAMPEGYIQERTIFFQDDGKYKTRGEVKFEGDTLVNRIELKGMDFKEDGNILGHKLEYNFNSHNVYIMPDKANNGLAVNFVIRHNIEGGGVQLADHYQTNVPLGDGPVLIPINHYLSCQTAISKDRNETRDHMVFLEFFSACGHTHGMDELYK,-112.80111694335938,-0.47395427287125785,-0.46677661543132876,-0.007177657439929097,0.8601831423134358
amacGFP,3,"[(166, 'V'), (45, 'V'), (206, 'L')]",K166V:K45V:A206L,4.448851898312569,3.006896944456344,MSKGEELFTGIVPVLIELDGDVHGHKFSVRGEGEGDADYGKLEIVFICTTGKLPVPWPTLVTTLSYGILCFARYPEHMKMNDFFKSAMPEGYIQERTIFFQDDGKYKTRGEVKFEGDTLVNRIELKGMDFKEDGNILGHKLEYNFNSHNVYIMPDKANNGLKVNFVIRHNIEGGGVQLADHYQTNVPLGDGPVLIPINHYLSCQTLISKDRNETRDHMVFLEFFSACGHTHGMDELYK,-111.89006042480469,-0.470126304305902,-0.46677661543132876,-0.0033496888745732645,2.7740074610259366
amacGFP,3,"[(166, 'V'), (45, 'V'), (68, 'V')]",K166V:K45V:I68V,4.44825191795826,3.002745766925864,MSKGEELFTGIVPVLIELDGDVHGHKFSVRGEGEGDADYGKLEIVFICTTGKLPVPWPTLVTTLSYGVLCFARYPEHMKMNDFFKSAMPEGYIQERTIFFQDDGKYKTRGEVKFEGDTLVNRIELKGMDFKEDGNILGHKLEYNFNSHNVYIMPDKANNGLKVNFVIRHNIEGGGVQLADHYQTNVPLGDGPVLIPINHYLSCQTAISKDRNETRDHMVFLEFFSACGHTHGMDELYK,-112.39884948730469,-0.47226407347607013,-0.46677661543132876,-0.005487458044741378,1.7045228955875706
amacGFP,4,"[(166, 'V'), (45, 'V'), (148, 'K'), (200, 'V')]",K166V:K45V:H148K:Y200V,4.662129238247871,4.913555701358635,MSKGEELFTGIVPVLIELDGDVHGHKFSVRGEGEGDADYGKLEIVFICTTGKLPVPWPTLVTTLSYGILCFARYPEHMKMNDFFKSAMPEGYIQERTIFFQDDGKYKTRGEVKFEGDTLVNRIELKGMDFKEDGNILGHKLEYNFNSKNVYIMPDKANNGLKVNFVIRHNIEGGGVQLADHYQTNVPLGDGPVLIPINHVLSCQTAISKDRNETRDHMVFLEFFSACGHTHGMDELYK,-112.16304016113281,-0.471273277987953,-0.46677661543132876,-0.004496662556624231,2.4137979599357555
amacGFP,4,"[(166, 'V'), (45, 'V'), (148, 'K'), (100, 'P')]",K166V:K45V:H148K:F100P,4.658124133944511,4.868450732226491,MSKGEELFTGIVPVLIELDGDVHGHKFSVRGEGEGDADYGKLEIVFICTTGKLPVPWPTLVTTLSYGILCFARYPEHMKMNDFFKSAMPEGYIQERTIFPQDDGKYKTRGEVKFEGDTLVNRIELKGMDFKEDGNILGHKLEYNFNSKNVYIMPDKANNGLKVNFVIRHNIEGGGVQLADHYQTNVPLGDGPVLIPINHYLSCQTAISKDRNETRDHMVFLEFFSACGHTHGMDELYK,-113.01168823242188,-0.47483902618664653,-0.46677661543132876,-0.008062410755317773,0.6269187562856251
amacGFP,4,"[(166, 'V'), (45, 'V'), (200, 'V'), (100, 'P')]",K166V:K45V:Y200V:F100P,4.649262249469757,4.770115500723146,MSKGEELFTGIVPVLIELDGDVHGHKFSVRGEGEGDADYGKLEIVFICTTGKLPVPWPTLVTTLSYGILCFARYPEHMKMNDFFKSAMPEGYIQERTIFPQDDGKYKTRGEVKFEGDTLVNRIELKGMDFKEDGNILGHKLEYNFNSHNVYIMPDKANNGLKVNFVIRHNIEGGGVQLADHYQTNVPLGDGPVLIPINHVLSCQTAISKDRNETRDHMVFLEFFSACGHTHGMDELYK,-112.3837661743164,-0.47220069821141347,-0.46677661543132876,-0.005424082780084716,1.9372208594273994
amacGFP,4,"[(166, 'V'), (148, 'K'), (200, 'V'), (100, 'P')]",K166V:H148K:Y200V:F100P,4.638431116938591,4.652621919217281,MSKGEELFTGIVPVLIELDGDVHGHKFSVRGEGEGDADYGKLEIKFICTTGKLPVPWPTLVTTLSYGILCFARYPEHMKMNDFFKSAMPEGYIQERTIFPQDDGKYKTRGEVKFEGDTLVNRIELKGMDFKEDGNILGHKLEYNFNSKNVYIMPDKANNGLKVNFVIRHNIEGGGVQLADHYQTNVPLGDGPVLIPINHVLSCQTAISKDRNETRDHMVFLEFFSACGHTHGMDELYK,-111.49006652832031,-0.4684456576820181,-0.46677661543132876,-0.0016690422506893676,3.8039099915939074
amacGFP,4,"[(166, 'V'), (45, 'V'), (148, 'K'), (200, 'P')]",K166V:K45V:H148K:Y200P,4.636790528893471,4.635079359732996,MSKGEELFTGIVPVLIELDGDVHGHKFSVRGEGEGDADYGKLEIVFICTTGKLPVPWPTLVTTLSYGILCFARYPEHMKMNDFFKSAMPEGYIQERTIFFQDDGKYKTRGEVKFEGDTLVNRIELKGMDFKEDGNILGHKLEYNFNSKNVYIMPDKANNGLKVNFVIRHNIEGGGVQLADHYQTNVPLGDGPVLIPINHPLSCQTAISKDRNETRDHMVFLEFFSACGHTHGMDELYK,-113.05455017089844,-0.4750191183651195,-0.46677661543132876,-0.008242502933790752,0.5155390619980951
amacGFP,4,"[(166, 'V'), (45, 'V'), (148, 'K'), (162, 'G')]",K166V:K45V:H148K:K162G,4.63258421421051,4.590403474850766,MSKGEELFTGIVPVLIELDGDVHGHKFSVRGEGEGDADYGKLEIVFICTTGKLPVPWPTLVTTLSYGILCFARYPEHMKMNDFFKSAMPEGYIQERTIFFQDDGKYKTRGEVKFEGDTLVNRIELKGMDFKEDGNILGHKLEYNFNSKNVYIMPDKANNGLGVNFVIRHNIEGGGVQLADHYQTNVPLGDGPVLIPINHYLSCQTAISKDRNETRDHMVFLEFFSACGHTHGMDELYK,-112.93328857421875,-0.47450961585806195,-0.46677661543132876,-0.007733000426733194,0.7660840008439131
amacGFP,4,"[(166, 'V'), (45, 'V'), (148, 'K'), (162, 'A')]",K166V:K45V:H148K:K162A,4.630361080169678,4.566965444938167,MSKGEELFTGIVPVLIELDGDVHGHKFSVRGEGEGDADYGKLEIVFICTTGKLPVPWPTLVTTLSYGILCFARYPEHMKMNDFFKSAMPEGYIQERTIFFQDDGKYKTRGEVKFEGDTLVNRIELKGMDFKEDGNILGHKLEYNFNSKNVYIMPDKANNGLAVNFVIRHNIEGGGVQLADHYQTNVPLGDGPVLIPINHYLSCQTAISKDRNETRDHMVFLEFFSACGHTHGMDELYK,-112.75127410888672,-0.473744849197003,-0.46677661543132876,-0.006968233765674237,1.1462441973325594
amacGFP,4,"[(166, 'V'), (45, 'V'), (148, 'K'), (206, 'L')]",K166V:K45V:H148K:A206L,4.630201116204262,4.565283601379279,MSKGEELFTGIVPVLIELDGDVHGHKFSVRGEGEGDADYGKLEIVFICTTGKLPVPWPTLVTTLSYGILCFARYPEHMKMNDFFKSAMPEGYIQERTIFFQDDGKYKTRGEVKFEGDTLVNRIELKGMDFKEDGNILGHKLEYNFNSKNVYIMPDKANNGLKVNFVIRHNIEGGGVQLADHYQTNVPLGDGPVLIPINHYLSCQTLISKDRNETRDHMVFLEFFSACGHTHGMDELYK,-111.91059875488281,-0.470212599810432,-0.46677661543132876,-0.003435984379103252,2.912208926652636
amacGFP,4,"[(166, 'V'), (45, 'V'), (148, 'K'), (68, 'V')]",K166V:K45V:H148K:I68V,4.629601135849953,4.558980990063897,MSKGEELFTGIVPVLIELDGDVHGHKFSVRGEGEGDADYGKLEIVFICTTGKLPVPWPTLVTTLSYGVLCFARYPEHMKMNDFFKSAMPEGYIQERTIFFQDDGKYKTRGEVKFEGDTLVNRIELKGMDFKEDGNILGHKLEYNFNSKNVYIMPDKANNGLKVNFVIRHNIEGGGVQLADHYQTNVPLGDGPVLIPINHYLSCQTAISKDRNETRDHMVFLEFFSACGHTHGMDELYK,-112.42118072509766,-0.47235790220629265,-0.46677661543132876,-0.0055812867749638895,1.8389577483680082
amacGFP,4,"[(166, 'V'), (148, 'K'), (200, 'V'), (45, 'C')]",K166V:H148K:Y200V:K45C,4.625726729631424,4.518490516128911,MSKGEELFTGIVPVLIELDGDVHGHKFSVRGEGEGDADYGKLEICFICTTGKLPVPWPTLVTTLSYGILCFARYPEHMKMNDFFKSAMPEGYIQERTIFFQDDGKYKTRGEVKFEGDTLVNRIELKGMDFKEDGNILGHKLEYNFNSKNVYIMPDKANNGLKVNFVIRHNIEGGGVQLADHYQTNVPLGDGPVLIPINHVLSCQTAISKDRNETRDHMVFLEFFSACGHTHGMDELYK,-112.29325866699219,-0.4718204145671941,-0.46677661543132876,-0.0050437991358653345,2.1038271616987565
amacGFP,4,"[(166, 'V'), (45, 'V'), (100, 'P'), (200, 'P')]",K166V:K45V:F100P:Y200P,4.6239235401153564,4.499768649174107,MSKGEELFTGIVPVLIELDGDVHGHKFSVRGEGEGDADYGKLEIVFICTTGKLPVPWPTLVTTLSYGILCFARYPEHMKMNDFFKSAMPEGYIQERTIFPQDDGKYKTRGEVKFEGDTLVNRIELKGMDFKEDGNILGHKLEYNFNSHNVYIMPDKANNGLKVNFVIRHNIEGGGVQLADHYQTNVPLGDGPVLIPINHPLSCQTAISKDRNETRDHMVFLEFFSACGHTHGMDELYK,-113.6932373046875,-0.47770267775078784,-0.46677661543132876,-0.010926062319459084,-0.839107619614186
amacGFP,4,"[(166, 'V'), (45, 'V'), (200, 'V'), (162, 'G')]",K166V:K45V:Y200V:K162G,4.623722329735756,4.497684371131548,MSKGEELFTGIVPVLIELDGDVHGHKFSVRGEGEGDADYGKLEIVFICTTGKLPVPWPTLVTTLSYGILCFARYPEHMKMNDFFKSAMPEGYIQERTIFFQDDGKYKTRGEVKFEGDTLVNRIELKGMDFKEDGNILGHKLEYNFNSHNVYIMPDKANNGLGVNFVIRHNIEGGGVQLADHYQTNVPLGDGPVLIPINHVLSCQTAISKDRNETRDHMVFLEFFSACGHTHGMDELYK,-112.84199523925781,-0.47412603041704965,-0.46677661543132876,-0.007349414985720892,0.9490148368753095
cgreGFP,2,"[(163, 'S'), (130, 'C')]",K163S:G130C,4.952024161815643,2.851741418891472,MTALTEGAKLFEKEIPYITELEGDVEGMKFIIKGEGTGDATTGTIKAKYICTTGDLPVPWATILSSLSYGVFCFAKYPRHIADFFKSTQPDGYSQDRIISFDNDGQYDVKAKVTYENGTLYNRVTVKGTCFKSNGNILGMRVLYHSPPHAVYILPDRKNGGMSIEYNKAFDVMGGGHQMARHAQFNKPLGAWEEDYPLYHHLTVWTSFGKDPDDDETDHLTIVEVIKAVDLETYR,-108.89164733886719,-0.4633687120802859,-0.4639293264835439,0.0005606144032579974,5.232331363444642
cgreGFP,2,"[(163, 'S'), (8, 'Q')]",K163S:A8Q,4.915645003318787,2.6225935266130067,MTALTEGQKLFEKEIPYITELEGDVEGMKFIIKGEGTGDATTGTIKAKYICTTGDLPVPWATILSSLSYGVFCFAKYPRHIADFFKSTQPDGYSQDRIISFDNDGQYDVKAKVTYENGTLYNRVTVKGTGFKSNGNILGMRVLYHSPPHAVYILPDRKNGGMSIEYNKAFDVMGGGHQMARHAQFNKPLGAWEEDYPLYHHLTVWTSFGKDPDDDETDHLTIVEVIKAVDLETYR,-108.92023468017578,-0.4634903603411735,-0.4639293264835439,0.00043896614237037834,5.135128074503976
cgreGFP,2,"[(163, 'S'), (80, 'L')]",K163S:H80L,4.907292693853378,2.572637971531083,MTALTEGAKLFEKEIPYITELEGDVEGMKFIIKGEGTGDATTGTIKAKYICTTGDLPVPWATILSSLSYGVFCFAKYPRLIADFFKSTQPDGYSQDRIISFDNDGQYDVKAKVTYENGTLYNRVTVKGTGFKSNGNILGMRVLYHSPPHAVYILPDRKNGGMSIEYNKAFDVMGGGHQMARHAQFNKPLGAWEEDYPLYHHLTVWTSFGKDPDDDETDHLTIVEVIKAVDLETYR,-109.57208251953125,-0.46626418093417554,-0.4639293264835439,-0.0023348544506316404,3.739865468537558
cgreGFP,2,"[(163, 'S'), (110, 'G')]",K163S:K110G,4.887641400098801,2.458823649904592,MTALTEGAKLFEKEIPYITELEGDVEGMKFIIKGEGTGDATTGTIKAKYICTTGDLPVPWATILSSLSYGVFCFAKYPRHIADFFKSTQPDGYSQDRIISFDNDGQYDVGAKVTYENGTLYNRVTVKGTGFKSNGNILGMRVLYHSPPHAVYILPDRKNGGMSIEYNKAFDVMGGGHQMARHAQFNKPLGAWEEDYPLYHHLTVWTSFGKDPDDDETDHLTIVEVIKAVDLETYR,-109.08252716064453,-0.4641809666410406,-0.4639293264835439,-0.0002516401574966798,4.76182132135046
cgreGFP,2,"[(130, 'C'), (8, 'Q')]",G130C:A8Q,4.877213418483734,2.4004872305094653,MTALTEGQKLFEKEIPYITELEGDVEGMKFIIKGEGTGDATTGTIKAKYICTTGDLPVPWATILSSLSYGVFCFAKYPRHIADFFKSTQPDGYSQDRIISFDNDGQYDVKAKVTYENGTLYNRVTVKGTCFKSNGNILGMRVLYHSPPHAVYILPDRKNGGMKIEYNKAFDVMGGGHQMARHAQFNKPLGAWEEDYPLYHHLTVWTSFGKDPDDDETDHLTIVEVIKAVDLETYR,-107.94914245605469,-0.459358053004488,-0.4639293264835439,0.004571273479055893,7.162850158011681
cgreGFP,2,"[(163, 'S'), (13, 'A')]",K163S:K13A,4.87586584687233,2.3930503067287265,MTALTEGAKLFEAEIPYITELEGDVEGMKFIIKGEGTGDATTGTIKAKYICTTGDLPVPWATILSSLSYGVFCFAKYPRHIADFFKSTQPDGYSQDRIISFDNDGQYDVKAKVTYENGTLYNRVTVKGTGFKSNGNILGMRVLYHSPPHAVYILPDRKNGGMSIEYNKAFDVMGGGHQMARHAQFNKPLGAWEEDYPLYHHLTVWTSFGKDPDDDETDHLTIVEVIKAVDLETYR,-110.06805419921875,-0.4683746987200798,-0.4639293264835439,-0.004445372236535905,2.6531797286043775
cgreGFP,2,"[(163, 'S'), (192, 'A')]",K163S:W192A,4.873558402061462,2.380369536656382,MTALTEGAKLFEKEIPYITELEGDVEGMKFIIKGEGTGDATTGTIKAKYICTTGDLPVPWATILSSLSYGVFCFAKYPRHIADFFKSTQPDGYSQDRIISFDNDGQYDVKAKVTYENGTLYNRVTVKGTGFKSNGNILGMRVLYHSPPHAVYILPDRKNGGMSIEYNKAFDVMGGGHQMARHAQFNKPLGAAEEDYPLYHHLTVWTSFGKDPDDDETDHLTIVEVIKAVDLETYR,-108.52650451660156,-0.4618149128366024,-0.4639293264835439,0.002114413646941482,5.930765225532204
cgreGFP,2,"[(163, 'S'), (34, 'Q')]",K163S:G34Q,4.8699042201042175,2.36042497795718,MTALTEGAKLFEKEIPYITELEGDVEGMKFIIKQEGTGDATTGTIKAKYICTTGDLPVPWATILSSLSYGVFCFAKYPRHIADFFKSTQPDGYSQDRIISFDNDGQYDVKAKVTYENGTLYNRVTVKGTGFKSNGNILGMRVLYHSPPHAVYILPDRKNGGMSIEYNKAFDVMGGGHQMARHAQFNKPLGAWEEDYPLYHHLTVWTSFGKDPDDDETDHLTIVEVIKAVDLETYR,-110.42880249023438,-0.46990979783078457,-0.4639293264835439,-0.005980471347240668,1.8796685464838836
cgreGFP,2,"[(130, 'C'), (80, 'L')]",G130C:H80L,4.868861109018326,2.354762389488432,MTALTEGAKLFEKEIPYITELEGDVEGMKFIIKGEGTGDATTGTIKAKYICTTGDLPVPWATILSSLSYGVFCFAKYPRLIADFFKSTQPDGYSQDRIISFDNDGQYDVKAKVTYENGTLYNRVTVKGTCFKSNGNILGMRVLYHSPPHAVYILPDRKNGGMKIEYNKAFDVMGGGHQMARHAQFNKPLGAWEEDYPLYHHLTVWTSFGKDPDDDETDHLTIVEVIKAVDLETYR,-109.57254791259766,-0.46626616133020277,-0.4639293264835439,-0.002336834846658864,3.700443685688894
cgreGFP,2,"[(163, 'S'), (2, 'G')]",K163S:T2G,4.866097271442413,2.3398243325529005,MGALTEGAKLFEKEIPYITELEGDVEGMKFIIKGEGTGDATTGTIKAKYICTTGDLPVPWATILSSLSYGVFCFAKYPRHIADFFKSTQPDGYSQDRIISFDNDGQYDVKAKVTYENGTLYNRVTVKGTGFKSNGNILGMRVLYHSPPHAVYILPDRKNGGMSIEYNKAFDVMGGGHQMARHAQFNKPLGAWEEDYPLYHHLTVWTSFGKDPDDDETDHLTIVEVIKAVDLETYR,-108.85830688476562,-0.4632268378075133,-0.4639293264835439,0.0007024886760306215,5.2173416094577245
cgreGFP,2,"[(130, 'C'), (110, 'G')]",G130C:K110G,4.849209815263748,2.2505869528677485,MTALTEGAKLFEKEIPYITELEGDVEGMKFIIKGEGTGDATTGTIKAKYICTTGDLPVPWATILSSLSYGVFCFAKYPRHIADFFKSTQPDGYSQDRIISFDNDGQYDVGAKVTYENGTLYNRVTVKGTCFKSNGNILGMRVLYHSPPHAVYILPDRKNGGMKIEYNKAFDVMGGGHQMARHAQFNKPLGAWEEDYPLYHHLTVWTSFGKDPDDDETDHLTIVEVIKAVDLETYR,-110.73553466796875,-0.47121504114029256,-0.4639293264835439,-0.007285714656748654,1.206352486889421
cgreGFP,2,"[(163, 'S'), (152, 'V')]",K163S:Y152V,4.847972959280014,2.244186475904624,MTALTEGAKLFEKEIPYITELEGDVEGMKFIIKGEGTGDATTGTIKAKYICTTGDLPVPWATILSSLSYGVFCFAKYPRHIADFFKSTQPDGYSQDRIISFDNDGQYDVKAKVTYENGTLYNRVTVKGTGFKSNGNILGMRVLYHSPPHAVVILPDRKNGGMSIEYNKAFDVMGGGHQMARHAQFNKPLGAWEEDYPLYHHLTVWTSFGKDPDDDETDHLTIVEVIKAVDLETYR,-106.13175964355469,-0.4516245091215093,-0.4639293264835439,0.012304817362034592,11.00038164029731
cgreGFP,3,"[(163, 'S'), (130, 'C'), (8, 'Q')]",K163S:G130C:A8Q,5.265584707260132,5.8704404761156175,MTALTEGQKLFEKEIPYITELEGDVEGMKFIIKGEGTGDATTGTIKAKYICTTGDLPVPWATILSSLSYGVFCFAKYPRHIADFFKSTQPDGYSQDRIISFDNDGQYDVKAKVTYENGTLYNRVTVKGTCFKSNGNILGMRVLYHSPPHAVYILPDRKNGGMSIEYNKAFDVMGGGHQMARHAQFNKPLGAWEEDYPLYHHLTVWTSFGKDPDDDETDHLTIVEVIKAVDLETYR,-108.71949768066406,-0.46263616034325133,-0.4639293264835439,0.0012931661402925676,5.912167777406416
cgreGFP,3,"[(163, 'S'), (130, 'C'), (80, 'L')]",K163S:G130C:H80L,5.257232397794724,5.758619444917357,MTALTEGAKLFEKEIPYITELEGDVEGMKFIIKGEGTGDATTGTIKAKYICTTGDLPVPWATILSSLSYGVFCFAKYPRLIADFFKSTQPDGYSQDRIISFDNDGQYDVKAKVTYENGTLYNRVTVKGTCFKSNGNILGMRVLYHSPPHAVYILPDRKNGGMSIEYNKAFDVMGGGHQMARHAQFNKPLGAWEEDYPLYHHLTVWTSFGKDPDDDETDHLTIVEVIKAVDLETYR,-108.4978256225586,-0.46169287498961104,-0.4639293264835439,0.0022364514939328672,6.375458144761158
cgreGFP,3,"[(163, 'S'), (130, 'C'), (110, 'G')]",K163S:G130C:K110G,5.237581104040146,5.503856290178439,MTALTEGAKLFEKEIPYITELEGDVEGMKFIIKGEGTGDATTGTIKAKYICTTGDLPVPWATILSSLSYGVFCFAKYPRHIADFFKSTQPDGYSQDRIISFDNDGQYDVGAKVTYENGTLYNRVTVKGTCFKSNGNILGMRVLYHSPPHAVYILPDRKNGGMSIEYNKAFDVMGGGHQMARHAQFNKPLGAWEEDYPLYHHLTVWTSFGKDPDDDETDHLTIVEVIKAVDLETYR,-110.82781219482422,-0.4716077114673371,-0.4639293264835439,-0.007678384983793196,1.398388612143548
cgreGFP,3,"[(163, 'S'), (130, 'C'), (13, 'A')]",K163S:G130C:K13A,5.225805550813675,5.356628558503336,MTALTEGAKLFEAEIPYITELEGDVEGMKFIIKGEGTGDATTGTIKAKYICTTGDLPVPWATILSSLSYGVFCFAKYPRHIADFFKSTQPDGYSQDRIISFDNDGQYDVKAKVTYENGTLYNRVTVKGTCFKSNGNILGMRVLYHSPPHAVYILPDRKNGGMSIEYNKAFDVMGGGHQMARHAQFNKPLGAWEEDYPLYHHLTVWTSFGKDPDDDETDHLTIVEVIKAVDLETYR,-109.31147003173828,-0.4651551916244182,-0.4639293264835439,-0.0012258651408743049,4.6128729803765225
cgreGFP,3,"[(163, 'S'), (130, 'C'), (192, 'A')]",K163S:G130C:W192A,5.223498106002808,5.328243791613002,MTALTEGAKLFEKEIPYITELEGDVEGMKFIIKGEGTGDATTGTIKAKYICTTGDLPVPWATILSSLSYGVFCFAKYPRHIADFFKSTQPDGYSQDRIISFDNDGQYDVKAKVTYENGTLYNRVTVKGTCFKSNGNILGMRVLYHSPPHAVYILPDRKNGGMSIEYNKAFDVMGGGHQMARHAQFNKPLGAAEEDYPLYHHLTVWTSFGKDPDDDETDHLTIVEVIKAVDLETYR,-107.90838623046875,-0.4591846222573138,-0.4639293264835439,0.004744704226230079,7.595850219117847
cgreGFP,3,"[(163, 'S'), (8, 'Q'), (80, 'L')]",K163S:A8Q:H80L,5.220853239297867,5.295893231560488,MTALTEGQKLFEKEIPYITELEGDVEGMKFIIKGEGTGDATTGTIKAKYICTTGDLPVPWATILSSLSYGVFCFAKYPRLIADFFKSTQPDGYSQDRIISFDNDGQYDVKAKVTYENGTLYNRVTVKGTGFKSNGNILGMRVLYHSPPHAVYILPDRKNGGMSIEYNKAFDVMGGGHQMARHAQFNKPLGAWEEDYPLYHHLTVWTSFGKDPDDDETDHLTIVEVIKAVDLETYR,-109.02210998535156,-0.46392387227809173,-0.4639293264835439,5.454205452171124e-06,5.223580342023952
cgreGFP,3,"[(163, 'S'), (130, 'C'), (34, 'Q')]",K163S:G130C:G34Q,5.219843924045563,5.283599685129118,MTALTEGAKLFEKEIPYITELEGDVEGMKFIIKQEGTGDATTGTIKAKYICTTGDLPVPWATILSSLSYGVFCFAKYPRHIADFFKSTQPDGYSQDRIISFDNDGQYDVKAKVTYENGTLYNRVTVKGTCFKSNGNILGMRVLYHSPPHAVYILPDRKNGGMSIEYNKAFDVMGGGHQMARHAQFNKPLGAWEEDYPLYHHLTVWTSFGKDPDDDETDHLTIVEVIKAVDLETYR,-110.53943634033203,-0.47038058017162565,-0.4639293264835439,-0.006451253688081748,1.9942170800046886
cgreGFP,3,"[(163, 'S'), (130, 'C'), (2, 'G')]",K163S:G130C:T2G,5.216036975383759,5.237486987378516,MGALTEGAKLFEKEIPYITELEGDVEGMKFIIKGEGTGDATTGTIKAKYICTTGDLPVPWATILSSLSYGVFCFAKYPRHIADFFKSTQPDGYSQDRIISFDNDGQYDVKAKVTYENGTLYNRVTVKGTCFKSNGNILGMRVLYHSPPHAVYILPDRKNGGMSIEYNKAFDVMGGGHQMARHAQFNKPLGAWEEDYPLYHHLTVWTSFGKDPDDDETDHLTIVEVIKAVDLETYR,-109.39949798583984,-0.46552977866314826,-0.4639293264835439,-0.0016004521796043614,4.415810885581578
cgreGFP,3,"[(163, 'S'), (8, 'Q'), (110, 'G')]",K163S:A8Q:K110G,5.201201945543289,5.061601231587534,MTALTEGQKLFEKEIPYITELEGDVEGMKFIIKGEGTGDATTGTIKAKYICTTGDLPVPWATILSSLSYGVFCFAKYPRHIADFFKSTQPDGYSQDRIISFDNDGQYDVGAKVTYENGTLYNRVTVKGTGFKSNGNILGMRVLYHSPPHAVYILPDRKNGGMSIEYNKAFDVMGGGHQMARHAQFNKPLGAWEEDYPLYHHLTVWTSFGKDPDDDETDHLTIVEVIKAVDLETYR,-109.1977310180664,-0.4646711958215592,-0.4639293264835439,-0.0007418693380152885,4.830267276535645
cgreGFP,3,"[(163, 'S'), (130, 'C'), (152, 'V')]",K163S:G130C:Y152V,5.197912663221359,5.023410219850587,MTALTEGAKLFEKEIPYITELEGDVEGMKFIIKGEGTGDATTGTIKAKYICTTGDLPVPWATILSSLSYGVFCFAKYPRHIADFFKSTQPDGYSQDRIISFDNDGQYDVKAKVTYENGTLYNRVTVKGTCFKSNGNILGMRVLYHSPPHAVVILPDRKNGGMSIEYNKAFDVMGGGHQMARHAQFNKPLGAWEEDYPLYHHLTVWTSFGKDPDDDETDHLTIVEVIKAVDLETYR,-109.26143646240234,-0.4649422828187334,-0.4639293264835439,-0.0010129563351894966,4.691434495626611
cgreGFP,3,"[(163, 'S'), (130, 'C'), (214, 'H')]",K163S:G130C:D214H,5.193754389882088,4.975541712042803,MTALTEGAKLFEKEIPYITELEGDVEGMKFIIKGEGTGDATTGTIKAKYICTTGDLPVPWATILSSLSYGVFCFAKYPRHIADFFKSTQPDGYSQDRIISFDNDGQYDVKAKVTYENGTLYNRVTVKGTCFKSNGNILGMRVLYHSPPHAVYILPDRKNGGMSIEYNKAFDVMGGGHQMARHAQFNKPLGAWEEDYPLYHHLTVWTSFGKDPDHDETDHLTIVEVIKAVDLETYR,-109.95173645019531,-0.4678797295752992,-0.4639293264835439,-0.003950403091755317,3.2185528440044293
cgreGFP,3,"[(163, 'S'), (80, 'L'), (110, 'G')]",K163S:H80L:K110G,5.192849636077881,4.965187091705987,MTALTEGAKLFEKEIPYITELEGDVEGMKFIIKGEGTGDATTGTIKAKYICTTGDLPVPWATILSSLSYGVFCFAKYPRLIADFFKSTQPDGYSQDRIISFDNDGQYDVGAKVTYENGTLYNRVTVKGTGFKSNGNILGMRVLYHSPPHAVYILPDRKNGGMSIEYNKAFDVMGGGHQMARHAQFNKPLGAWEEDYPLYHHLTVWTSFGKDPDDDETDHLTIVEVIKAVDLETYR,-108.99787139892578,-0.463820729357131,-0.4639293264835439,0.00010859712641292374,5.247148199284343
cgreGFP,4,"[(163, 'S'), (130, 'C'), (8, 'Q'), (80, 'L')]",K163S:G130C:A8Q:H80L,5.570792943239212,11.854382186281889,MTALTEGQKLFEKEIPYITELEGDVEGMKFIIKGEGTGDATTGTIKAKYICTTGDLPVPWATILSSLSYGVFCFAKYPRLIADFFKSTQPDGYSQDRIISFDNDGQYDVKAKVTYENGTLYNRVTVKGTCFKSNGNILGMRVLYHSPPHAVYILPDRKNGGMSIEYNKAFDVMGGGHQMARHAQFNKPLGAWEEDYPLYHHLTVWTSFGKDPDDDETDHLTIVEVIKAVDLETYR,-108.00094604492188,-0.45957849380817817,-0.4639293264835439,0.0043508326753657345,7.746209280922079
cgreGFP,4,"[(163, 'S'), (130, 'C'), (8, 'Q'), (110, 'G')]",K163S:G130C:A8Q:K110G,5.551141649484634,11.329940550201291,MTALTEGQKLFEKEIPYITELEGDVEGMKFIIKGEGTGDATTGTIKAKYICTTGDLPVPWATILSSLSYGVFCFAKYPRHIADFFKSTQPDGYSQDRIISFDNDGQYDVGAKVTYENGTLYNRVTVKGTCFKSNGNILGMRVLYHSPPHAVYILPDRKNGGMSIEYNKAFDVMGGGHQMARHAQFNKPLGAWEEDYPLYHHLTVWTSFGKDPDDDETDHLTIVEVIKAVDLETYR,-110.35201263427734,-0.4695830324862866,-0.4639293264835439,-0.0056537060027426755,2.724288648113297
cgreGFP,4,"[(163, 'S'), (130, 'C'), (80, 'L'), (110, 'G')]",K163S:G130C:H80L:K110G,5.542789340019226,11.114126142254715,MTALTEGAKLFEKEIPYITELEGDVEGMKFIIKGEGTGDATTGTIKAKYICTTGDLPVPWATILSSLSYGVFCFAKYPRLIADFFKSTQPDGYSQDRIISFDNDGQYDVGAKVTYENGTLYNRVTVKGTCFKSNGNILGMRVLYHSPPHAVYILPDRKNGGMSIEYNKAFDVMGGGHQMARHAQFNKPLGAWEEDYPLYHHLTVWTSFGKDPDDDETDHLTIVEVIKAVDLETYR,-110.5008773803711,-0.4702164994909408,-0.4639293264835439,-0.006287173007396896,2.3992028363207782
cgreGFP,4,"[(163, 'S'), (130, 'C'), (8, 'Q'), (13, 'A')]",K163S:G130C:A8Q:K13A,5.539366096258164,11.02686551348629,MTALTEGQKLFEAEIPYITELEGDVEGMKFIIKGEGTGDATTGTIKAKYICTTGDLPVPWATILSSLSYGVFCFAKYPRHIADFFKSTQPDGYSQDRIISFDNDGQYDVKAKVTYENGTLYNRVTVKGTCFKSNGNILGMRVLYHSPPHAVYILPDRKNGGMSIEYNKAFDVMGGGHQMARHAQFNKPLGAWEEDYPLYHHLTVWTSFGKDPDDDETDHLTIVEVIKAVDLETYR,-109.01888275146484,-0.4639101393679355,-0.4639293264835439,1.9187115608387817e-05,5.548959654062358
cgreGFP,4,"[(163, 'S'), (130, 'C'), (8, 'Q'), (192, 'A')]",K163S:G130C:A8Q:W192A,5.537058651447296,10.968434169271749,MTALTEGQKLFEKEIPYITELEGDVEGMKFIIKGEGTGDATTGTIKAKYICTTGDLPVPWATILSSLSYGVFCFAKYPRHIADFFKSTQPDGYSQDRIISFDNDGQYDVKAKVTYENGTLYNRVTVKGTCFKSNGNILGMRVLYHSPPHAVYILPDRKNGGMSIEYNKAFDVMGGGHQMARHAQFNKPLGAAEEDYPLYHHLTVWTSFGKDPDDDETDHLTIVEVIKAVDLETYR,-107.47301483154297,-0.45733197800656583,-0.4639293264835439,0.006597348476978071,8.835732889936331
cgreGFP,4,"[(163, 'S'), (130, 'C'), (8, 'Q'), (34, 'Q')]",K163S:G130C:A8Q:G34Q,5.533404469490051,10.876532228939134,MTALTEGQKLFEKEIPYITELEGDVEGMKFIIKQEGTGDATTGTIKAKYICTTGDLPVPWATILSSLSYGVFCFAKYPRHIADFFKSTQPDGYSQDRIISFDNDGQYDVKAKVTYENGTLYNRVTVKGTCFKSNGNILGMRVLYHSPPHAVYILPDRKNGGMSIEYNKAFDVMGGGHQMARHAQFNKPLGAWEEDYPLYHHLTVWTSFGKDPDDDETDHLTIVEVIKAVDLETYR,-109.86163330078125,-0.4674963119182181,-0.4639293264835439,-0.003566985434674208,3.749911752152947
cgreGFP,4,"[(163, 'S'), (130, 'C'), (80, 'L'), (13, 'A')]",K163S:G130C:H80L:K13A,5.531013786792755,10.816824124323198,MTALTEGAKLFEAEIPYITELEGDVEGMKFIIKGEGTGDATTGTIKAKYICTTGDLPVPWATILSSLSYGVFCFAKYPRLIADFFKSTQPDGYSQDRIISFDNDGQYDVKAKVTYENGTLYNRVTVKGTCFKSNGNILGMRVLYHSPPHAVYILPDRKNGGMSIEYNKAFDVMGGGHQMARHAQFNKPLGAWEEDYPLYHHLTVWTSFGKDPDDDETDHLTIVEVIKAVDLETYR,-108.78264617919922,-0.46290487735829455,-0.4639293264835439,0.0010244491252493493,6.04323834941743
cgreGFP,4,"[(163, 'S'), (130, 'C'), (8, 'Q'), (2, 'G')]",K163S:G130C:A8Q:T2G,5.529597520828247,10.781607126142385,MGALTEGQKLFEKEIPYITELEGDVEGMKFIIKGEGTGDATTGTIKAKYICTTGDLPVPWATILSSLSYGVFCFAKYPRHIADFFKSTQPDGYSQDRIISFDNDGQYDVKAKVTYENGTLYNRVTVKGTCFKSNGNILGMRVLYHSPPHAVYILPDRKNGGMSIEYNKAFDVMGGGHQMARHAQFNKPLGAWEEDYPLYHHLTVWTSFGKDPDDDETDHLTIVEVIKAVDLETYR,-108.74861145019531,-0.4627600487242354,-0.4639293264835439,0.001169277759308529,6.114236400482511
cgreGFP,4,"[(163, 'S'), (130, 'C'), (80, 'L'), (192, 'A')]",K163S:G130C:H80L:W192A,5.528706341981888,10.759505789122366,MTALTEGAKLFEKEIPYITELEGDVEGMKFIIKGEGTGDATTGTIKAKYICTTGDLPVPWATILSSLSYGVFCFAKYPRLIADFFKSTQPDGYSQDRIISFDNDGQYDVKAKVTYENGTLYNRVTVKGTCFKSNGNILGMRVLYHSPPHAVYILPDRKNGGMSIEYNKAFDVMGGGHQMARHAQFNKPLGAAEEDYPLYHHLTVWTSFGKDPDDDETDHLTIVEVIKAVDLETYR,-108.1534423828125,-0.4602274143949468,-0.4639293264835439,0.0037019120885971035,7.379662386280439
cgreGFP,4,"[(163, 'S'), (130, 'C'), (80, 'L'), (34, 'Q')]",K163S:G130C:H80L:G34Q,5.525052160024643,10.669354410741436,MTALTEGAKLFEKEIPYITELEGDVEGMKFIIKQEGTGDATTGTIKAKYICTTGDLPVPWATILSSLSYGVFCFAKYPRLIADFFKSTQPDGYSQDRIISFDNDGQYDVKAKVTYENGTLYNRVTVKGTCFKSNGNILGMRVLYHSPPHAVYILPDRKNGGMSIEYNKAFDVMGGGHQMARHAQFNKPLGAWEEDYPLYHHLTVWTSFGKDPDDDETDHLTIVEVIKAVDLETYR,-110.24256896972656,-0.4691173147647939,-0.4639293264835439,-0.00518798828125,2.931058019399643
cgreGFP,4,"[(163, 'S'), (130, 'C'), (80, 'L'), (2, 'G')]",K163S:G130C:H80L:T2G,5.521245211362839,10.57623745554869,MGALTEGAKLFEKEIPYITELEGDVEGMKFIIKGEGTGDATTGTIKAKYICTTGDLPVPWATILSSLSYGVFCFAKYPRLIADFFKSTQPDGYSQDRIISFDNDGQYDVKAKVTYENGTLYNRVTVKGTCFKSNGNILGMRVLYHSPPHAVYILPDRKNGGMSIEYNKAFDVMGGGHQMARHAQFNKPLGAWEEDYPLYHHLTVWTSFGKDPDDDETDHLTIVEVIKAVDLETYR,-109.65231323242188,-0.4666055882230718,-0.4639293264835439,-0.0026762617395278965,4.18311434159889
cgreGFP,4,"[(163, 'S'), (130, 'C'), (8, 'Q'), (152, 'V')]",K163S:G130C:A8Q:Y152V,5.511473208665848,10.340920283791698,MTALTEGQKLFEKEIPYITELEGDVEGMKFIIKGEGTGDATTGTIKAKYICTTGDLPVPWATILSSLSYGVFCFAKYPRHIADFFKSTQPDGYSQDRIISFDNDGQYDVKAKVTYENGTLYNRVTVKGTCFKSNGNILGMRVLYHSPPHAVVILPDRKNGGMSIEYNKAFDVMGGGHQMARHAQFNKPLGAWEEDYPLYHHLTVWTSFGKDPDDDETDHLTIVEVIKAVDLETYR,-108.61151123046875,-0.4621766435339096,-0.4639293264835439,0.001752682949634321,6.3878146834830085
ppluGFP,2,"[(18, 'S'), (171, 'P')]",E18S:D171P,5.036720395088196,6.469886297443324,MPAMKIECRITGTLNGVSFELVGGGEGTPEQGRMTNKMKSTKGALTFSPYLLSHVMGYGFYHFGTYPSGYENPFLHAINNGGYTNTRIEKYEDGGVLHVSFSYRYEAGRVIGDFKVVGTGFPEDSVIFTDKIIRSNATVEHLHPMGDNVLVGSFARTFSLRDGGYYSFVVPSHMHFKSAIHPSILQNGGPMFAFRRVEELHSNTELGIVEYQHAFKTPIAFA,-99.74066162109375,-0.44928225955447637,-0.44905495858407235,-0.00022730097040402075,4.923069909886186
ppluGFP,2,"[(18, 'S'), (120, 'L')]",E18S:G120L,5.030746549367905,6.381500427582641,MPAMKIECRITGTLNGVSFELVGGGEGTPEQGRMTNKMKSTKGALTFSPYLLSHVMGYGFYHFGTYPSGYENPFLHAINNGGYTNTRIEKYEDGGVLHVSFSYRYEAGRVIGDFKVVGTLFPEDSVIFTDKIIRSNATVEHLHPMGDNVLVGSFARTFSLRDGGYYSFVVDSHMHFKSAIHPSILQNGGPMFAFRRVEELHSNTELGIVEYQHAFKTPIAFA,-101.02079772949219,-0.45504863842113596,-0.44905495858407235,-0.005993679837063615,2.033906630836097
ppluGFP,2,"[(18, 'S'), (111, 'D')]",E18S:I111D,4.993854075670242,5.8617909892828095,MPAMKIECRITGTLNGVSFELVGGGEGTPEQGRMTNKMKSTKGALTFSPYLLSHVMGYGFYHFGTYPSGYENPFLHAINNGGYTNTRIEKYEDGGVLHVSFSYRYEAGRVDGDFKVVGTGFPEDSVIFTDKIIRSNATVEHLHPMGDNVLVGSFARTFSLRDGGYYSFVVDSHMHFKSAIHPSILQNGGPMFAFRRVEELHSNTELGIVEYQHAFKTPIAFA,-99.72825622558594,-0.44922637939453125,-0.44905495858407235,-0.0001714208104588999,4.908143670440793
ppluGFP,2,"[(18, 'S'), (159, 'P')]",E18S:S159P,4.945257291197777,5.241233938044088,MPAMKIECRITGTLNGVSFELVGGGEGTPEQGRMTNKMKSTKGALTFSPYLLSHVMGYGFYHFGTYPSGYENPFLHAINNGGYTNTRIEKYEDGGVLHVSFSYRYEAGRVIGDFKVVGTGFPEDSVIFTDKIIRSNATVEHLHPMGDNVLVGSFARTFPLRDGGYYSFVVDSHMHFKSAIHPSILQNGGPMFAFRRVEELHSNTELGIVEYQHAFKTPIAFA,-100.24774169921875,-0.4515664040505349,-0.44905495858407235,-0.0025114454664625363,3.6895345579665086
ppluGFP,2,"[(18, 'S'), (55, 'K')]",E18S:V55K,4.920830875635147,4.954583236813538,MPAMKIECRITGTLNGVSFELVGGGEGTPEQGRMTNKMKSTKGALTFSPYLLSHKMGYGFYHFGTYPSGYENPFLHAINNGGYTNTRIEKYEDGGVLHVSFSYRYEAGRVIGDFKVVGTGFPEDSVIFTDKIIRSNATVEHLHPMGDNVLVGSFARTFSLRDGGYYSFVVDSHMHFKSAIHPSILQNGGPMFAFRRVEELHSNTELGIVEYQHAFKTPIAFA,-99.87745666503906,-0.4498984534461219,-0.44905495858407235,-0.000843494862049543,4.499083444610376
ppluGFP,2,"[(18, 'S'), (42, 'A')]",E18S:K42A,4.8810572028160095,4.520989060012416,MPAMKIECRITGTLNGVSFELVGGGEGTPEQGRMTNKMKSTAGALTFSPYLLSHVMGYGFYHFGTYPSGYENPFLHAINNGGYTNTRIEKYEDGGVLHVSFSYRYEAGRVIGDFKVVGTGFPEDSVIFTDKIIRSNATVEHLHPMGDNVLVGSFARTFSLRDGGYYSFVVDSHMHFKSAIHPSILQNGGPMFAFRRVEELHSNTELGIVEYQHAFKTPIAFA,-99.61031341552734,-0.4486951054753484,-0.44905495858407235,0.00035985310872393983,5.060983757177979
ppluGFP,2,"[(18, 'S'), (199, 'R')]",E18S:E199R,4.875661060214043,4.465162960517064,MPAMKIECRITGTLNGVSFELVGGGEGTPEQGRMTNKMKSTKGALTFSPYLLSHVMGYGFYHFGTYPSGYENPFLHAINNGGYTNTRIEKYEDGGVLHVSFSYRYEAGRVIGDFKVVGTGFPEDSVIFTDKIIRSNATVEHLHPMGDNVLVGSFARTFSLRDGGYYSFVVDSHMHFKSAIHPSILQNGGPMFAFRRVERLHSNTELGIVEYQHAFKTPIAFA,-100.88658905029297,-0.4544440948211395,-0.44905495858407235,-0.00538913623706716,2.1810929416804625
ppluGFP,2,"[(18, 'S'), (206, 'E')]",E18S:L206E,4.8738261461257935,4.446337240156426,MPAMKIECRITGTLNGVSFELVGGGEGTPEQGRMTNKMKSTKGALTFSPYLLSHVMGYGFYHFGTYPSGYENPFLHAINNGGYTNTRIEKYEDGGVLHVSFSYRYEAGRVIGDFKVVGTGFPEDSVIFTDKIIRSNATVEHLHPMGDNVLVGSFARTFSLRDGGYYSFVVDSHMHFKSAIHPSILQNGGPMFAFRRVEELHSNTEEGIVEYQHAFKTPIAFA,-100.33470153808594,-0.45195811503642314,-0.44905495858407235,-0.002903156452350786,3.422247919950401
ppluGFP,2,"[(18, 'S'), (137, 'S')]",E18S:A137S,4.8722372353076935,4.430099581898793,MPAMKIECRITGTLNGVSFELVGGGEGTPEQGRMTNKMKSTKGALTFSPYLLSHVMGYGFYHFGTYPSGYENPFLHAINNGGYTNTRIEKYEDGGVLHVSFSYRYEAGRVIGDFKVVGTGFPEDSVIFTDKIIRSNSTVEHLHPMGDNVLVGSFARTFSLRDGGYYSFVVDSHMHFKSAIHPSILQNGGPMFAFRRVEELHSNTELGIVEYQHAFKTPIAFA,-100.45658111572266,-0.45250712214289485,-0.44905495858407235,-0.0034521635588224964,3.1461554558964453
ppluGFP,2,"[(18, 'S'), (199, 'H')]",E18S:E199H,4.86984683573246,4.405782859958421,MPAMKIECRITGTLNGVSFELVGGGEGTPEQGRMTNKMKSTKGALTFSPYLLSHVMGYGFYHFGTYPSGYENPFLHAINNGGYTNTRIEKYEDGGVLHVSFSYRYEAGRVIGDFKVVGTGFPEDSVIFTDKIIRSNATVEHLHPMGDNVLVGSFARTFSLRDGGYYSFVVDSHMHFKSAIHPSILQNGGPMFAFRRVEHLHSNTELGIVEYQHAFKTPIAFA,-100.50552368164062,-0.45272758415153436,-0.44905495858407235,-0.0036726255674620067,3.033534052001457
ppluGFP,2,"[(18, 'S'), (20, 'P')]",E18S:E20P,4.861364439129829,4.320566484757372,MPAMKIECRITGTLNGVSFPLVGGGEGTPEQGRMTNKMKSTKGALTFSPYLLSHVMGYGFYHFGTYPSGYENPFLHAINNGGYTNTRIEKYEDGGVLHVSFSYRYEAGRVIGDFKVVGTGFPEDSVIFTDKIIRSNATVEHLHPMGDNVLVGSFARTFSLRDGGYYSFVVDSHMHFKSAIHPSILQNGGPMFAFRRVEELHSNTELGIVEYQHAFKTPIAFA,-99.67205810546875,-0.4489732347093187,-0.44905495858407235,8.17238747536364e-05,4.902226376506648
ppluGFP,2,"[(18, 'S'), (221, 'E')]",E18S:F221E,4.859840266406536,4.305429871916004,MPAMKIECRITGTLNGVSFELVGGGEGTPEQGRMTNKMKSTKGALTFSPYLLSHVMGYGFYHFGTYPSGYENPFLHAINNGGYTNTRIEKYEDGGVLHVSFSYRYEAGRVIGDFKVVGTGFPEDSVIFTDKIIRSNATVEHLHPMGDNVLVGSFARTFSLRDGGYYSFVVDSHMHFKSAIHPSILQNGGPMFAFRRVEELHSNTELGIVEYQHAFKTPIAEA,-100.74744415283203,-0.45381731600374786,-0.44905495858407235,-0.004762357419675511,2.47866155656878
ppluGFP,3,"[(18, 'S'), (171, 'P'), (120, 'L')]",E18S:D171P:G120L,5.322656363248825,12.497772549443694,MPAMKIECRITGTLNGVSFELVGGGEGTPEQGRMTNKMKSTKGALTFSPYLLSHVMGYGFYHFGTYPSGYENPFLHAINNGGYTNTRIEKYEDGGVLHVSFSYRYEAGRVIGDFKVVGTLFPEDSVIFTDKIIRSNATVEHLHPMGDNVLVGSFARTFSLRDGGYYSFVVPSHMHFKSAIHPSILQNGGPMFAFRRVEELHSNTELGIVEYQHAFKTPIAFA,-99.33444213867188,-0.44745244206608953,-0.44905495858407235,0.0016025165179828216,6.123914622240235
ppluGFP,3,"[(18, 'S'), (171, 'P'), (111, 'D')]",E18S:D171P:I111D,5.285763889551163,11.47995386786901,MPAMKIECRITGTLNGVSFELVGGGEGTPEQGRMTNKMKSTKGALTFSPYLLSHVMGYGFYHFGTYPSGYENPFLHAINNGGYTNTRIEKYEDGGVLHVSFSYRYEAGRVDGDFKVVGTGFPEDSVIFTDKIIRSNATVEHLHPMGDNVLVGSFARTFSLRDGGYYSFVVPSHMHFKSAIHPSILQNGGPMFAFRRVEELHSNTELGIVEYQHAFKTPIAFA,-99.64704895019531,-0.44886058085673564,-0.44905495858407235,0.0001943777273367142,5.38295275321952
ppluGFP,3,"[(18, 'S'), (120, 'L'), (111, 'D')]",E18S:G120L:I111D,5.279790043830872,11.32312488171309,MPAMKIECRITGTLNGVSFELVGGGEGTPEQGRMTNKMKSTKGALTFSPYLLSHVMGYGFYHFGTYPSGYENPFLHAINNGGYTNTRIEKYEDGGVLHVSFSYRYEAGRVDGDFKVVGTLFPEDSVIFTDKIIRSNATVEHLHPMGDNVLVGSFARTFSLRDGGYYSFVVDSHMHFKSAIHPSILQNGGPMFAFRRVEELHSNTELGIVEYQHAFKTPIAFA,-101.41755676269531,-0.4568358412734023,-0.44905495858407235,-0.007780882689329971,1.389348699165886
ppluGFP,3,"[(18, 'S'), (171, 'P'), (159, 'P')]",E18S:D171P:S159P,5.237167105078697,10.264631394988934,MPAMKIECRITGTLNGVSFELVGGGEGTPEQGRMTNKMKSTKGALTFSPYLLSHVMGYGFYHFGTYPSGYENPFLHAINNGGYTNTRIEKYEDGGVLHVSFSYRYEAGRVIGDFKVVGTGFPEDSVIFTDKIIRSNATVEHLHPMGDNVLVGSFARTFPLRDGGYYSFVVPSHMHFKSAIHPSILQNGGPMFAFRRVEELHSNTELGIVEYQHAFKTPIAFA,-100.91813659667969,-0.45458620088594454,-0.44905495858407235,-0.005531242301872186,2.4715459541426044
ppluGFP,3,"[(18, 'S'), (120, 'L'), (159, 'P')]",E18S:G120L:S159P,5.231193259358406,10.124405070609184,MPAMKIECRITGTLNGVSFELVGGGEGTPEQGRMTNKMKSTKGALTFSPYLLSHVMGYGFYHFGTYPSGYENPFLHAINNGGYTNTRIEKYEDGGVLHVSFSYRYEAGRVIGDFKVVGTLFPEDSVIFTDKIIRSNATVEHLHPMGDNVLVGSFARTFPLRDGGYYSFVVDSHMHFKSAIHPSILQNGGPMFAFRRVEELHSNTELGIVEYQHAFKTPIAFA,-100.46794128417969,-0.45255829407288145,-0.44905495858407235,-0.0035033354888091006,3.4795255149538558
ppluGFP,3,"[(18, 'S'), (171, 'P'), (55, 'K')]",E18S:D171P:V55K,5.212740689516068,9.703243786263968,MPAMKIECRITGTLNGVSFELVGGGEGTPEQGRMTNKMKSTKGALTFSPYLLSHKMGYGFYHFGTYPSGYENPFLHAINNGGYTNTRIEKYEDGGVLHVSFSYRYEAGRVIGDFKVVGTGFPEDSVIFTDKIIRSNATVEHLHPMGDNVLVGSFARTFSLRDGGYYSFVVPSHMHFKSAIHPSILQNGGPMFAFRRVEELHSNTELGIVEYQHAFKTPIAFA,-99.65990447998047,-0.44891848864856065,-0.44905495858407235,0.00013646993551169606,5.280975657271917
ppluGFP,3,"[(18, 'S'), (120, 'L'), (55, 'K')]",E18S:G120L:V55K,5.206766843795776,9.570686643357435,MPAMKIECRITGTLNGVSFELVGGGEGTPEQGRMTNKMKSTKGALTFSPYLLSHKMGYGFYHFGTYPSGYENPFLHAINNGGYTNTRIEKYEDGGVLHVSFSYRYEAGRVIGDFKVVGTLFPEDSVIFTDKIIRSNATVEHLHPMGDNVLVGSFARTFSLRDGGYYSFVVDSHMHFKSAIHPSILQNGGPMFAFRRVEELHSNTELGIVEYQHAFKTPIAFA,-101.60733032226562,-0.45769067712732264,-0.44905495858407235,-0.008635718543250293,0.8889075721706305
ppluGFP,3,"[(18, 'S'), (111, 'D'), (159, 'P')]",E18S:I111D:S159P,5.194300785660744,9.299873452680664,MPAMKIECRITGTLNGVSFELVGGGEGTPEQGRMTNKMKSTKGALTFSPYLLSHVMGYGFYHFGTYPSGYENPFLHAINNGGYTNTRIEKYEDGGVLHVSFSYRYEAGRVDGDFKVVGTGFPEDSVIFTDKIIRSNATVEHLHPMGDNVLVGSFARTFPLRDGGYYSFVVDSHMHFKSAIHPSILQNGGPMFAFRRVEELHSNTELGIVEYQHAFKTPIAFA,-99.86014556884766,-0.4498204755353498,-0.44905495858407235,-0.0007655169512774673,4.81154231002201
ppluGFP,3,"[(18, 'S'), (171, 'P'), (42, 'A')]",E18S:D171P:K42A,5.17296701669693,8.854076499993575,MPAMKIECRITGTLNGVSFELVGGGEGTPEQGRMTNKMKSTAGALTFSPYLLSHVMGYGFYHFGTYPSGYENPFLHAINNGGYTNTRIEKYEDGGVLHVSFSYRYEAGRVIGDFKVVGTGFPEDSVIFTDKIIRSNATVEHLHPMGDNVLVGSFARTFSLRDGGYYSFVVPSHMHFKSAIHPSILQNGGPMFAFRRVEELHSNTELGIVEYQHAFKTPIAFA,-100.22393798828125,-0.451459180127393,-0.44905495858407235,-0.0024042215433206504,3.9708562450366047
ppluGFP,3,"[(18, 'S'), (111, 'D'), (55, 'K')]",E18S:I111D:V55K,5.169874370098114,8.79124985791681,MPAMKIECRITGTLNGVSFELVGGGEGTPEQGRMTNKMKSTKGALTFSPYLLSHKMGYGFYHFGTYPSGYENPFLHAINNGGYTNTRIEKYEDGGVLHVSFSYRYEAGRVDGDFKVVGTGFPEDSVIFTDKIIRSNATVEHLHPMGDNVLVGSFARTFSLRDGGYYSFVVDSHMHFKSAIHPSILQNGGPMFAFRRVEELHSNTELGIVEYQHAFKTPIAFA,-99.55848693847656,-0.4484616528760206,-0.44905495858407235,0.0005933057080517723,5.466527224124
ppluGFP,3,"[(18, 'S'), (171, 'P'), (199, 'R')]",E18S:D171P:E199R,5.167570874094963,8.744744548717689,MPAMKIECRITGTLNGVSFELVGGGEGTPEQGRMTNKMKSTKGALTFSPYLLSHVMGYGFYHFGTYPSGYENPFLHAINNGGYTNTRIEKYEDGGVLHVSFSYRYEAGRVIGDFKVVGTGFPEDSVIFTDKIIRSNATVEHLHPMGDNVLVGSFARTFSLRDGGYYSFVVPSHMHFKSAIHPSILQNGGPMFAFRRVERLHSNTELGIVEYQHAFKTPIAFA,-100.79873657226562,-0.45404836293813344,-0.44905495858407235,-0.004993404354061093,2.6708686970644164
ppluGFP,3,"[(18, 'S'), (120, 'L'), (42, 'A')]",E18S:G120L:K42A,5.166993170976639,8.733119930235276,MPAMKIECRITGTLNGVSFELVGGGEGTPEQGRMTNKMKSTAGALTFSPYLLSHVMGYGFYHFGTYPSGYENPFLHAINNGGYTNTRIEKYEDGGVLHVSFSYRYEAGRVIGDFKVVGTLFPEDSVIFTDKIIRSNATVEHLHPMGDNVLVGSFARTFSLRDGGYYSFVVDSHMHFKSAIHPSILQNGGPMFAFRRVEELHSNTELGIVEYQHAFKTPIAFA,-100.78811645507812,-0.454000524572424,-0.44905495858407235,-0.004945565988351663,2.694210176800807
ppluGFP,4,"[(18, 'S'), (171, 'P'), (120, 'L'), (111, 'D')]",E18S:D171P:G120L:I111D,5.571699857711792,22.17563736404907,MPAMKIECRITGTLNGVSFELVGGGEGTPEQGRMTNKMKSTKGALTFSPYLLSHVMGYGFYHFGTYPSGYENPFLHAINNGGYTNTRIEKYEDGGVLHVSFSYRYEAGRVDGDFKVVGTLFPEDSVIFTDKIIRSNATVEHLHPMGDNVLVGSFARTFSLRDGGYYSFVVPSHMHFKSAIHPSILQNGGPMFAFRRVEELHSNTELGIVEYQHAFKTPIAFA,-100.29780578613281,-0.45179191795555323,-0.44905495858407235,-0.002736959371480885,4.203220171971349
ppluGFP,4,"[(18, 'S'), (171, 'P'), (120, 'L'), (159, 'P')]",E18S:D171P:G120L:S159P,5.523103073239327,19.828019006940576,MPAMKIECRITGTLNGVSFELVGGGEGTPEQGRMTNKMKSTKGALTFSPYLLSHVMGYGFYHFGTYPSGYENPFLHAINNGGYTNTRIEKYEDGGVLHVSFSYRYEAGRVIGDFKVVGTLFPEDSVIFTDKIIRSNATVEHLHPMGDNVLVGSFARTFPLRDGGYYSFVVPSHMHFKSAIHPSILQNGGPMFAFRRVEELHSNTELGIVEYQHAFKTPIAFA,-98.83485412597656,-0.44520204561250704,-0.44905495858407235,0.0038529129715653143,7.449559559021985
ppluGFP,4,"[(18, 'S'), (171, 'P'), (120, 'L'), (55, 'K')]",E18S:D171P:G120L:V55K,5.498676657676697,18.7435958311124,MPAMKIECRITGTLNGVSFELVGGGEGTPEQGRMTNKMKSTKGALTFSPYLLSHKMGYGFYHFGTYPSGYENPFLHAINNGGYTNTRIEKYEDGGVLHVSFSYRYEAGRVIGDFKVVGTLFPEDSVIFTDKIIRSNATVEHLHPMGDNVLVGSFARTFSLRDGGYYSFVVPSHMHFKSAIHPSILQNGGPMFAFRRVEELHSNTELGIVEYQHAFKTPIAFA,-99.72534942626953,-0.44921328570391683,-0.44905495858407235,-0.00015832711984448133,5.419513097754456
ppluGFP,4,"[(18, 'S'), (171, 'P'), (111, 'D'), (159, 'P')]",E18S:D171P:I111D:S159P,5.486210599541664,18.213225003925988,MPAMKIECRITGTLNGVSFELVGGGEGTPEQGRMTNKMKSTKGALTFSPYLLSHVMGYGFYHFGTYPSGYENPFLHAINNGGYTNTRIEKYEDGGVLHVSFSYRYEAGRVDGDFKVVGTGFPEDSVIFTDKIIRSNATVEHLHPMGDNVLVGSFARTFPLRDGGYYSFVVPSHMHFKSAIHPSILQNGGPMFAFRRVEELHSNTELGIVEYQHAFKTPIAFA,-101.37776184082031,-0.45665658486856,-0.44905495858407235,-0.007601626284487628,1.6853974572978503
ppluGFP,4,"[(18, 'S'), (120, 'L'), (111, 'D'), (159, 'P')]",E18S:G120L:I111D:S159P,5.480236753821373,17.964412016968787,MPAMKIECRITGTLNGVSFELVGGGEGTPEQGRMTNKMKSTKGALTFSPYLLSHVMGYGFYHFGTYPSGYENPFLHAINNGGYTNTRIEKYEDGGVLHVSFSYRYEAGRVDGDFKVVGTLFPEDSVIFTDKIIRSNATVEHLHPMGDNVLVGSFARTFPLRDGGYYSFVVDSHMHFKSAIHPSILQNGGPMFAFRRVEELHSNTELGIVEYQHAFKTPIAFA,-101.23188018798828,-0.45599946030625355,-0.44905495858407235,-0.0069445017221811955,2.007985892730775
ppluGFP,4,"[(18, 'S'), (171, 'P'), (111, 'D'), (55, 'K')]",E18S:D171P:I111D:V55K,5.461784183979034,17.217117258925487,MPAMKIECRITGTLNGVSFELVGGGEGTPEQGRMTNKMKSTKGALTFSPYLLSHKMGYGFYHFGTYPSGYENPFLHAINNGGYTNTRIEKYEDGGVLHVSFSYRYEAGRVDGDFKVVGTGFPEDSVIFTDKIIRSNATVEHLHPMGDNVLVGSFARTFSLRDGGYYSFVVPSHMHFKSAIHPSILQNGGPMFAFRRVEELHSNTELGIVEYQHAFKTPIAFA,-99.81756591796875,-0.4496286753061655,-0.44905495858407235,-0.0005737167220931649,5.174925822932452
ppluGFP,4,"[(18, 'S'), (171, 'P'), (120, 'L'), (42, 'A')]",E18S:D171P:G120L:K42A,5.458902984857559,17.103273403123286,MPAMKIECRITGTLNGVSFELVGGGEGTPEQGRMTNKMKSTAGALTFSPYLLSHVMGYGFYHFGTYPSGYENPFLHAINNGGYTNTRIEKYEDGGVLHVSFSYRYEAGRVIGDFKVVGTLFPEDSVIFTDKIIRSNATVEHLHPMGDNVLVGSFARTFSLRDGGYYSFVVPSHMHFKSAIHPSILQNGGPMFAFRRVEELHSNTELGIVEYQHAFKTPIAFA,-99.06114196777344,-0.44622136021519565,-0.44905495858407235,0.0028335983688766997,6.875702169295909
ppluGFP,4,"[(18, 'S'), (120, 'L'), (111, 'D'), (55, 'K')]",E18S:G120L:I111D:V55K,5.455810338258743,16.981912215828388,MPAMKIECRITGTLNGVSFELVGGGEGTPEQGRMTNKMKSTKGALTFSPYLLSHKMGYGFYHFGTYPSGYENPFLHAINNGGYTNTRIEKYEDGGVLHVSFSYRYEAGRVDGDFKVVGTLFPEDSVIFTDKIIRSNATVEHLHPMGDNVLVGSFARTFSLRDGGYYSFVVDSHMHFKSAIHPSILQNGGPMFAFRRVEELHSNTELGIVEYQHAFKTPIAFA,-102.1143798828125,-0.4599746841568131,-0.44905495858407235,-0.010919725572740735,-0.004052448111623974
ppluGFP,4,"[(18, 'S'), (171, 'P'), (120, 'L'), (199, 'R')]",E18S:D171P:G120L:E199R,5.453506842255592,16.892078677804413,MPAMKIECRITGTLNGVSFELVGGGEGTPEQGRMTNKMKSTKGALTFSPYLLSHVMGYGFYHFGTYPSGYENPFLHAINNGGYTNTRIEKYEDGGVLHVSFSYRYEAGRVIGDFKVVGTLFPEDSVIFTDKIIRSNATVEHLHPMGDNVLVGSFARTFSLRDGGYYSFVVPSHMHFKSAIHPSILQNGGPMFAFRRVERLHSNTELGIVEYQHAFKTPIAFA,-99.7945556640625,-0.44952502551379503,-0.44905495858407235,-0.00047006692972267894,5.218473377394253
ppluGFP,4,"[(18, 'S'), (171, 'P'), (120, 'L'), (206, 'E')]",E18S:D171P:G120L:L206E,5.451671928167343,16.820859429523846,MPAMKIECRITGTLNGVSFELVGGGEGTPEQGRMTNKMKSTKGALTFSPYLLSHVMGYGFYHFGTYPSGYENPFLHAINNGGYTNTRIEKYEDGGVLHVSFSYRYEAGRVIGDFKVVGTLFPEDSVIFTDKIIRSNATVEHLHPMGDNVLVGSFARTFSLRDGGYYSFVVPSHMHFKSAIHPSILQNGGPMFAFRRVEELHSNTEEGIVEYQHAFKTPIAFA,-99.53662109375,-0.44836315807995497,-0.44905495858407235,0.0006918005041173791,5.797572180226033
ppluGFP,4,"[(18, 'S'), (171, 'P'), (120, 'L'), (137, 'S')]",E18S:D171P:G120L:A137S,5.450083017349243,16.759431033011424,MPAMKIECRITGTLNGVSFELVGGGEGTPEQGRMTNKMKSTKGALTFSPYLLSHVMGYGFYHFGTYPSGYENPFLHAINNGGYTNTRIEKYEDGGVLHVSFSYRYEAGRVIGDFKVVGTLFPEDSVIFTDKIIRSNSTVEHLHPMGDNVLVGSFARTFSLRDGGYYSFVVPSHMHFKSAIHPSILQNGGPMFAFRRVEELHSNTELGIVEYQHAFKTPIAFA,-99.79227447509766,-0.4495147498878273,-0.44905495858407235,-0.0004597913037549528,5.220187365471767
ppluGFP,4,"[(18, 'S'), (171, 'P'), (120, 'L'), (199, 'H')]",E18S:D171P:G120L:E199H,5.44769261777401,16.667438874195454,MPAMKIECRITGTLNGVSFELVGGGEGTPEQGRMTNKMKSTKGALTFSPYLLSHVMGYGFYHFGTYPSGYENPFLHAINNGGYTNTRIEKYEDGGVLHVSFSYRYEAGRVIGDFKVVGTLFPEDSVIFTDKIIRSNATVEHLHPMGDNVLVGSFARTFSLRDGGYYSFVVPSHMHFKSAIHPSILQNGGPMFAFRRVEHLHSNTELGIVEYQHAFKTPIAFA,-99.6476821899414,-0.44886343328802436,-0.44905495858407235,0.00019152529604798962,5.543455265798005
