type,n_mut,mutations,mut_str,pred_brightness,pred_relative,seq
avGFP,2,"[(152, 'S'), (171, 'Q')]",I152S:I171Q,4.6339366137981415,8.217211812635187,MSKGEELFTGVVPILVELDGDVNGHKFSVSGEGEGDATYGKLTLKFICTTGKLPVPWPTLVTTLSYGVQCFSRYPDHMKQHDFFKSAMPEGYVQERTIFFKDDGNYKTRAEVKFEGDTLVNRIELKGIDFKEDGNILGHKLEYNYNSHNVYSMADKQKNGIKVNFKIRHNQEDGSVQLADHYQQNTPIGDGPVLLPDNHYLSTQSALSKDPNEKRDHMVLLEFVTAAGITHGMDELYK
avGFP,2,"[(152, 'S'), (127, 'A')]",I152S:G127A,4.617650598287582,7.914773049440129,MSKGEELFTGVVPILVELDGDVNGHKFSVSGEGEGDATYGKLTLKFICTTGKLPVPWPTLVTTLSYGVQCFSRYPDHMKQHDFFKSAMPEGYVQERTIFFKDDGNYKTRAEVKFEGDTLVNRIELKAIDFKEDGNILGHKLEYNYNSHNVYSMADKQKNGIKVNFKIRHNIEDGSVQLADHYQQNTPIGDGPVLLPDNHYLSTQSALSKDPNEKRDHMVLLEFVTAAGITHGMDELYK
avGFP,2,"[(171, 'Q'), (127, 'A')]",I171Q:G127A,4.545306980609894,6.700309261793647,MSKGEELFTGVVPILVELDGDVNGHKFSVSGEGEGDATYGKLTLKFICTTGKLPVPWPTLVTTLSYGVQCFSRYPDHMKQHDFFKSAMPEGYVQERTIFFKDDGNYKTRAEVKFEGDTLVNRIELKAIDFKEDGNILGHKLEYNYNSHNVYIMADKQKNGIKVNFKIRHNQEDGSVQLADHYQQNTPIGDGPVLLPDNHYLSTQSALSKDPNEKRDHMVLLEFVTAAGITHGMDELYK
avGFP,2,"[(152, 'S'), (169, 'R')]",I152S:H169R,4.5096824169158936,6.172630563735919,MSKGEELFTGVVPILVELDGDVNGHKFSVSGEGEGDATYGKLTLKFICTTGKLPVPWPTLVTTLSYGVQCFSRYPDHMKQHDFFKSAMPEGYVQERTIFFKDDGNYKTRAEVKFEGDTLVNRIELKGIDFKEDGNILGHKLEYNYNSHNVYSMADKQKNGIKVNFKIRRNIEDGSVQLADHYQQNTPIGDGPVLLPDNHYLSTQSALSKDPNEKRDHMVLLEFVTAAGITHGMDELYK
avGFP,2,"[(152, 'S'), (104, 'C')]",I152S:G104C,4.490542501211166,5.906502188434185,MSKGEELFTGVVPILVELDGDVNGHKFSVSGEGEGDATYGKLTLKFICTTGKLPVPWPTLVTTLSYGVQCFSRYPDHMKQHDFFKSAMPEGYVQERTIFFKDDCNYKTRAEVKFEGDTLVNRIELKGIDFKEDGNILGHKLEYNYNSHNVYSMADKQKNGIKVNFKIRHNIEDGSVQLADHYQQNTPIGDGPVLLPDNHYLSTQSALSKDPNEKRDHMVLLEFVTAAGITHGMDELYK
avGFP,2,"[(152, 'S'), (127, 'Y')]",I152S:G127Y,4.47149670124054,5.653072681820639,MSKGEELFTGVVPILVELDGDVNGHKFSVSGEGEGDATYGKLTLKFICTTGKLPVPWPTLVTTLSYGVQCFSRYPDHMKQHDFFKSAMPEGYVQERTIFFKDDGNYKTRAEVKFEGDTLVNRIELKYIDFKEDGNILGHKLEYNYNSHNVYSMADKQKNGIKVNFKIRHNIEDGSVQLADHYQQNTPIGDGPVLLPDNHYLSTQSALSKDPNEKRDHMVLLEFVTAAGITHGMDELYK
avGFP,2,"[(152, 'S'), (179, 'E')]",I152S:A179E,4.44574847817421,5.327658097125401,MSKGEELFTGVVPILVELDGDVNGHKFSVSGEGEGDATYGKLTLKFICTTGKLPVPWPTLVTTLSYGVQCFSRYPDHMKQHDFFKSAMPEGYVQERTIFFKDDGNYKTRAEVKFEGDTLVNRIELKGIDFKEDGNILGHKLEYNYNSHNVYSMADKQKNGIKVNFKIRHNIEDGSVQLEDHYQQNTPIGDGPVLLPDNHYLSTQSALSKDPNEKRDHMVLLEFVTAAGITHGMDELYK
avGFP,2,"[(171, 'Q'), (169, 'R')]",I171Q:H169R,4.437338799238205,5.2254857438718245,MSKGEELFTGVVPILVELDGDVNGHKFSVSGEGEGDATYGKLTLKFICTTGKLPVPWPTLVTTLSYGVQCFSRYPDHMKQHDFFKSAMPEGYVQERTIFFKDDGNYKTRAEVKFEGDTLVNRIELKGIDFKEDGNILGHKLEYNYNSHNVYIMADKQKNGIKVNFKIRRNQEDGSVQLADHYQQNTPIGDGPVLLPDNHYLSTQSALSKDPNEKRDHMVLLEFVTAAGITHGMDELYK
avGFP,2,"[(152, 'S'), (83, 'H')]",I152S:F83H,4.428831607103348,5.124122162928496,MSKGEELFTGVVPILVELDGDVNGHKFSVSGEGEGDATYGKLTLKFICTTGKLPVPWPTLVTTLSYGVQCFSRYPDHMKQHDHFKSAMPEGYVQERTIFFKDDGNYKTRAEVKFEGDTLVNRIELKGIDFKEDGNILGHKLEYNYNSHNVYSMADKQKNGIKVNFKIRHNIEDGSVQLADHYQQNTPIGDGPVLLPDNHYLSTQSALSKDPNEKRDHMVLLEFVTAAGITHGMDELYK
avGFP,2,"[(152, 'S'), (38, 'R')]",I152S:T38R,4.426819071173668,5.100431733834676,MSKGEELFTGVVPILVELDGDVNGHKFSVSGEGEGDARYGKLTLKFICTTGKLPVPWPTLVTTLSYGVQCFSRYPDHMKQHDFFKSAMPEGYVQERTIFFKDDGNYKTRAEVKFEGDTLVNRIELKGIDFKEDGNILGHKLEYNYNSHNVYSMADKQKNGIKVNFKIRHNIEDGSVQLADHYQQNTPIGDGPVLLPDNHYLSTQSALSKDPNEKRDHMVLLEFVTAAGITHGMDELYK
avGFP,2,"[(152, 'S'), (104, 'H')]",I152S:G104H,4.422334805130959,5.048038670142917,MSKGEELFTGVVPILVELDGDVNGHKFSVSGEGEGDATYGKLTLKFICTTGKLPVPWPTLVTTLSYGVQCFSRYPDHMKQHDFFKSAMPEGYVQERTIFFKDDHNYKTRAEVKFEGDTLVNRIELKGIDFKEDGNILGHKLEYNYNSHNVYSMADKQKNGIKVNFKIRHNIEDGSVQLADHYQQNTPIGDGPVLLPDNHYLSTQSALSKDPNEKRDHMVLLEFVTAAGITHGMDELYK
avGFP,2,"[(152, 'S'), (170, 'A')]",I152S:N170A,4.421195790171623,5.034816631966631,MSKGEELFTGVVPILVELDGDVNGHKFSVSGEGEGDATYGKLTLKFICTTGKLPVPWPTLVTTLSYGVQCFSRYPDHMKQHDFFKSAMPEGYVQERTIFFKDDGNYKTRAEVKFEGDTLVNRIELKGIDFKEDGNILGHKLEYNYNSHNVYSMADKQKNGIKVNFKIRHAIEDGSVQLADHYQQNTPIGDGPVLLPDNHYLSTQSALSKDPNEKRDHMVLLEFVTAAGITHGMDELYK
avGFP,3,"[(152, 'S'), (171, 'Q'), (127, 'A')]",I152S:I171Q:G127A,5.073172748088837,22.59230883015013,MSKGEELFTGVVPILVELDGDVNGHKFSVSGEGEGDATYGKLTLKFICTTGKLPVPWPTLVTTLSYGVQCFSRYPDHMKQHDFFKSAMPEGYVQERTIFFKDDGNYKTRAEVKFEGDTLVNRIELKAIDFKEDGNILGHKLEYNYNSHNVYSMADKQKNGIKVNFKIRHNQEDGSVQLADHYQQNTPIGDGPVLLPDNHYLSTQSALSKDPNEKRDHMVLLEFVTAAGITHGMDELYK
avGFP,3,"[(152, 'S'), (171, 'Q'), (169, 'R')]",I152S:I171Q:H169R,4.965204566717148,17.61945353571575,MSKGEELFTGVVPILVELDGDVNGHKFSVSGEGEGDATYGKLTLKFICTTGKLPVPWPTLVTTLSYGVQCFSRYPDHMKQHDFFKSAMPEGYVQERTIFFKDDGNYKTRAEVKFEGDTLVNRIELKGIDFKEDGNILGHKLEYNYNSHNVYSMADKQKNGIKVNFKIRRNQEDGSVQLADHYQQNTPIGDGPVLLPDNHYLSTQSALSKDPNEKRDHMVLLEFVTAAGITHGMDELYK
avGFP,3,"[(152, 'S'), (127, 'A'), (169, 'R')]",I152S:G127A:H169R,4.948918551206589,16.97096036588887,MSKGEELFTGVVPILVELDGDVNGHKFSVSGEGEGDATYGKLTLKFICTTGKLPVPWPTLVTTLSYGVQCFSRYPDHMKQHDFFKSAMPEGYVQERTIFFKDDGNYKTRAEVKFEGDTLVNRIELKAIDFKEDGNILGHKLEYNYNSHNVYSMADKQKNGIKVNFKIRRNIEDGSVQLADHYQQNTPIGDGPVLLPDNHYLSTQSALSKDPNEKRDHMVLLEFVTAAGITHGMDELYK
avGFP,3,"[(152, 'S'), (171, 'Q'), (104, 'C')]",I152S:I171Q:G104C,4.946064651012421,16.859803902589732,MSKGEELFTGVVPILVELDGDVNGHKFSVSGEGEGDATYGKLTLKFICTTGKLPVPWPTLVTTLSYGVQCFSRYPDHMKQHDFFKSAMPEGYVQERTIFFKDDCNYKTRAEVKFEGDTLVNRIELKGIDFKEDGNILGHKLEYNYNSHNVYSMADKQKNGIKVNFKIRHNQEDGSVQLADHYQQNTPIGDGPVLLPDNHYLSTQSALSKDPNEKRDHMVLLEFVTAAGITHGMDELYK
avGFP,3,"[(152, 'S'), (127, 'A'), (104, 'C')]",I152S:G127A:G104C,4.929778635501862,16.23927003340434,MSKGEELFTGVVPILVELDGDVNGHKFSVSGEGEGDATYGKLTLKFICTTGKLPVPWPTLVTTLSYGVQCFSRYPDHMKQHDFFKSAMPEGYVQERTIFFKDDCNYKTRAEVKFEGDTLVNRIELKAIDFKEDGNILGHKLEYNYNSHNVYSMADKQKNGIKVNFKIRHNIEDGSVQLADHYQQNTPIGDGPVLLPDNHYLSTQSALSKDPNEKRDHMVLLEFVTAAGITHGMDELYK
avGFP,3,"[(152, 'S'), (171, 'Q'), (127, 'Y')]",I152S:I171Q:G127Y,4.927018851041794,16.136402530962176,MSKGEELFTGVVPILVELDGDVNGHKFSVSGEGEGDATYGKLTLKFICTTGKLPVPWPTLVTTLSYGVQCFSRYPDHMKQHDFFKSAMPEGYVQERTIFFKDDGNYKTRAEVKFEGDTLVNRIELKYIDFKEDGNILGHKLEYNYNSHNVYSMADKQKNGIKVNFKIRHNQEDGSVQLADHYQQNTPIGDGPVLLPDNHYLSTQSALSKDPNEKRDHMVLLEFVTAAGITHGMDELYK
avGFP,3,"[(152, 'S'), (171, 'Q'), (179, 'E')]",I152S:I171Q:A179E,4.901270627975464,15.207523490546745,MSKGEELFTGVVPILVELDGDVNGHKFSVSGEGEGDATYGKLTLKFICTTGKLPVPWPTLVTTLSYGVQCFSRYPDHMKQHDFFKSAMPEGYVQERTIFFKDDGNYKTRAEVKFEGDTLVNRIELKGIDFKEDGNILGHKLEYNYNSHNVYSMADKQKNGIKVNFKIRHNQEDGSVQLEDHYQQNTPIGDGPVLLPDNHYLSTQSALSKDPNEKRDHMVLLEFVTAAGITHGMDELYK
avGFP,3,"[(152, 'S'), (127, 'A'), (179, 'E')]",I152S:G127A:A179E,4.884984612464905,14.647802663018776,MSKGEELFTGVVPILVELDGDVNGHKFSVSGEGEGDATYGKLTLKFICTTGKLPVPWPTLVTTLSYGVQCFSRYPDHMKQHDFFKSAMPEGYVQERTIFFKDDGNYKTRAEVKFEGDTLVNRIELKAIDFKEDGNILGHKLEYNYNSHNVYSMADKQKNGIKVNFKIRHNIEDGSVQLEDHYQQNTPIGDGPVLLPDNHYLSTQSALSKDPNEKRDHMVLLEFVTAAGITHGMDELYK
avGFP,3,"[(152, 'S'), (171, 'Q'), (83, 'H')]",I152S:I171Q:F83H,4.884353756904602,14.62654073151048,MSKGEELFTGVVPILVELDGDVNGHKFSVSGEGEGDATYGKLTLKFICTTGKLPVPWPTLVTTLSYGVQCFSRYPDHMKQHDHFKSAMPEGYVQERTIFFKDDGNYKTRAEVKFEGDTLVNRIELKGIDFKEDGNILGHKLEYNYNSHNVYSMADKQKNGIKVNFKIRHNQEDGSVQLADHYQQNTPIGDGPVLLPDNHYLSTQSALSKDPNEKRDHMVLLEFVTAAGITHGMDELYK
avGFP,3,"[(152, 'S'), (171, 'Q'), (38, 'R')]",I152S:I171Q:T38R,4.882341220974922,14.55891763138328,MSKGEELFTGVVPILVELDGDVNGHKFSVSGEGEGDARYGKLTLKFICTTGKLPVPWPTLVTTLSYGVQCFSRYPDHMKQHDFFKSAMPEGYVQERTIFFKDDGNYKTRAEVKFEGDTLVNRIELKGIDFKEDGNILGHKLEYNYNSHNVYSMADKQKNGIKVNFKIRHNQEDGSVQLADHYQQNTPIGDGPVLLPDNHYLSTQSALSKDPNEKRDHMVLLEFVTAAGITHGMDELYK
avGFP,3,"[(152, 'S'), (171, 'Q'), (104, 'H')]",I152S:I171Q:G104H,4.877856954932213,14.40936435069058,MSKGEELFTGVVPILVELDGDVNGHKFSVSGEGEGDATYGKLTLKFICTTGKLPVPWPTLVTTLSYGVQCFSRYPDHMKQHDFFKSAMPEGYVQERTIFFKDDHNYKTRAEVKFEGDTLVNRIELKGIDFKEDGNILGHKLEYNYNSHNVYSMADKQKNGIKVNFKIRHNQEDGSVQLADHYQQNTPIGDGPVLLPDNHYLSTQSALSKDPNEKRDHMVLLEFVTAAGITHGMDELYK
avGFP,3,"[(152, 'S'), (171, 'Q'), (170, 'A')]",I152S:I171Q:N170A,4.8767179399728775,14.37162272904499,MSKGEELFTGVVPILVELDGDVNGHKFSVSGEGEGDATYGKLTLKFICTTGKLPVPWPTLVTTLSYGVQCFSRYPDHMKQHDFFKSAMPEGYVQERTIFFKDDGNYKTRAEVKFEGDTLVNRIELKGIDFKEDGNILGHKLEYNYNSHNVYSMADKQKNGIKVNFKIRHAQEDGSVQLADHYQQNTPIGDGPVLLPDNHYLSTQSALSKDPNEKRDHMVLLEFVTAAGITHGMDELYK
avGFP,4,"[(152, 'S'), (171, 'Q'), (127, 'A'), (169, 'R')]",I152S:I171Q:G127A:H169R,5.404440701007843,48.44272543702573,MSKGEELFTGVVPILVELDGDVNGHKFSVSGEGEGDATYGKLTLKFICTTGKLPVPWPTLVTTLSYGVQCFSRYPDHMKQHDFFKSAMPEGYVQERTIFFKDDGNYKTRAEVKFEGDTLVNRIELKAIDFKEDGNILGHKLEYNYNSHNVYSMADKQKNGIKVNFKIRRNQEDGSVQLADHYQQNTPIGDGPVLLPDNHYLSTQSALSKDPNEKRDHMVLLEFVTAAGITHGMDELYK
avGFP,4,"[(152, 'S'), (171, 'Q'), (127, 'A'), (104, 'C')]",I152S:I171Q:G127A:G104C,5.385300785303116,46.35415336347839,MSKGEELFTGVVPILVELDGDVNGHKFSVSGEGEGDATYGKLTLKFICTTGKLPVPWPTLVTTLSYGVQCFSRYPDHMKQHDFFKSAMPEGYVQERTIFFKDDCNYKTRAEVKFEGDTLVNRIELKAIDFKEDGNILGHKLEYNYNSHNVYSMADKQKNGIKVNFKIRHNQEDGSVQLADHYQQNTPIGDGPVLLPDNHYLSTQSALSKDPNEKRDHMVLLEFVTAAGITHGMDELYK
avGFP,4,"[(152, 'S'), (171, 'Q'), (127, 'A'), (179, 'E')]",I152S:I171Q:G127A:A179E,5.340506762266159,41.81139236448792,MSKGEELFTGVVPILVELDGDVNGHKFSVSGEGEGDATYGKLTLKFICTTGKLPVPWPTLVTTLSYGVQCFSRYPDHMKQHDFFKSAMPEGYVQERTIFFKDDGNYKTRAEVKFEGDTLVNRIELKAIDFKEDGNILGHKLEYNYNSHNVYSMADKQKNGIKVNFKIRHNQEDGSVQLEDHYQQNTPIGDGPVLLPDNHYLSTQSALSKDPNEKRDHMVLLEFVTAAGITHGMDELYK
avGFP,4,"[(152, 'S'), (171, 'Q'), (127, 'A'), (83, 'H')]",I152S:I171Q:G127A:F83H,5.323589891195297,40.21404496534248,MSKGEELFTGVVPILVELDGDVNGHKFSVSGEGEGDATYGKLTLKFICTTGKLPVPWPTLVTTLSYGVQCFSRYPDHMKQHDHFKSAMPEGYVQERTIFFKDDGNYKTRAEVKFEGDTLVNRIELKAIDFKEDGNILGHKLEYNYNSHNVYSMADKQKNGIKVNFKIRHNQEDGSVQLADHYQQNTPIGDGPVLLPDNHYLSTQSALSKDPNEKRDHMVLLEFVTAAGITHGMDELYK
avGFP,4,"[(152, 'S'), (171, 'Q'), (127, 'A'), (38, 'R')]",I152S:I171Q:G127A:T38R,5.321577355265617,40.028122781886445,MSKGEELFTGVVPILVELDGDVNGHKFSVSGEGEGDARYGKLTLKFICTTGKLPVPWPTLVTTLSYGVQCFSRYPDHMKQHDFFKSAMPEGYVQERTIFFKDDGNYKTRAEVKFEGDTLVNRIELKAIDFKEDGNILGHKLEYNYNSHNVYSMADKQKNGIKVNFKIRHNQEDGSVQLADHYQQNTPIGDGPVLLPDNHYLSTQSALSKDPNEKRDHMVLLEFVTAAGITHGMDELYK
avGFP,4,"[(152, 'S'), (171, 'Q'), (127, 'A'), (104, 'H')]",I152S:I171Q:G127A:G104H,5.317093089222908,39.61694269051089,MSKGEELFTGVVPILVELDGDVNGHKFSVSGEGEGDATYGKLTLKFICTTGKLPVPWPTLVTTLSYGVQCFSRYPDHMKQHDFFKSAMPEGYVQERTIFFKDDHNYKTRAEVKFEGDTLVNRIELKAIDFKEDGNILGHKLEYNYNSHNVYSMADKQKNGIKVNFKIRHNQEDGSVQLADHYQQNTPIGDGPVLLPDNHYLSTQSALSKDPNEKRDHMVLLEFVTAAGITHGMDELYK
avGFP,4,"[(152, 'S'), (171, 'Q'), (127, 'A'), (170, 'A')]",I152S:I171Q:G127A:N170A,5.315954074263573,39.51317630461139,MSKGEELFTGVVPILVELDGDVNGHKFSVSGEGEGDATYGKLTLKFICTTGKLPVPWPTLVTTLSYGVQCFSRYPDHMKQHDFFKSAMPEGYVQERTIFFKDDGNYKTRAEVKFEGDTLVNRIELKAIDFKEDGNILGHKLEYNYNSHNVYSMADKQKNGIKVNFKIRHAQEDGSVQLADHYQQNTPIGDGPVLLPDNHYLSTQSALSKDPNEKRDHMVLLEFVTAAGITHGMDELYK
avGFP,4,"[(152, 'S'), (171, 'Q'), (127, 'A'), (162, 'A')]",I152S:I171Q:G127A:K162A,5.307768985629082,38.77545062539865,MSKGEELFTGVVPILVELDGDVNGHKFSVSGEGEGDATYGKLTLKFICTTGKLPVPWPTLVTTLSYGVQCFSRYPDHMKQHDFFKSAMPEGYVQERTIFFKDDGNYKTRAEVKFEGDTLVNRIELKAIDFKEDGNILGHKLEYNYNSHNVYSMADKQKNGIAVNFKIRHNQEDGSVQLADHYQQNTPIGDGPVLLPDNHYLSTQSALSKDPNEKRDHMVLLEFVTAAGITHGMDELYK
avGFP,4,"[(152, 'S'), (171, 'Q'), (127, 'A'), (4, 'R')]",I152S:I171Q:G127A:G4R,5.306659415364265,38.67651044794597,MSKREELFTGVVPILVELDGDVNGHKFSVSGEGEGDATYGKLTLKFICTTGKLPVPWPTLVTTLSYGVQCFSRYPDHMKQHDFFKSAMPEGYVQERTIFFKDDGNYKTRAEVKFEGDTLVNRIELKAIDFKEDGNILGHKLEYNYNSHNVYSMADKQKNGIKVNFKIRHNQEDGSVQLADHYQQNTPIGDGPVLLPDNHYLSTQSALSKDPNEKRDHMVLLEFVTAAGITHGMDELYK
avGFP,4,"[(152, 'S'), (171, 'Q'), (127, 'A'), (173, 'R')]",I152S:I171Q:G127A:D173R,5.306155040860176,38.63161896684523,MSKGEELFTGVVPILVELDGDVNGHKFSVSGEGEGDATYGKLTLKFICTTGKLPVPWPTLVTTLSYGVQCFSRYPDHMKQHDFFKSAMPEGYVQERTIFFKDDGNYKTRAEVKFEGDTLVNRIELKAIDFKEDGNILGHKLEYNYNSHNVYSMADKQKNGIKVNFKIRHNQERGSVQLADHYQQNTPIGDGPVLLPDNHYLSTQSALSKDPNEKRDHMVLLEFVTAAGITHGMDELYK
avGFP,4,"[(152, 'S'), (171, 'Q'), (127, 'A'), (42, 'N')]",I152S:I171Q:G127A:L42N,5.300271227955818,38.111767986955336,MSKGEELFTGVVPILVELDGDVNGHKFSVSGEGEGDATYGKNTLKFICTTGKLPVPWPTLVTTLSYGVQCFSRYPDHMKQHDFFKSAMPEGYVQERTIFFKDDGNYKTRAEVKFEGDTLVNRIELKAIDFKEDGNILGHKLEYNYNSHNVYSMADKQKNGIKVNFKIRHNQEDGSVQLADHYQQNTPIGDGPVLLPDNHYLSTQSALSKDPNEKRDHMVLLEFVTAAGITHGMDELYK
avGFP,4,"[(152, 'S'), (171, 'Q'), (127, 'A'), (97, 'M')]",I152S:I171Q:G127A:T97M,5.294210612773895,37.5836089556112,MSKGEELFTGVVPILVELDGDVNGHKFSVSGEGEGDATYGKLTLKFICTTGKLPVPWPTLVTTLSYGVQCFSRYPDHMKQHDFFKSAMPEGYVQERMIFFKDDGNYKTRAEVKFEGDTLVNRIELKAIDFKEDGNILGHKLEYNYNSHNVYSMADKQKNGIKVNFKIRHNQEDGSVQLADHYQQNTPIGDGPVLLPDNHYLSTQSALSKDPNEKRDHMVLLEFVTAAGITHGMDELYK
amacGFP,2,"[(166, 'V'), (45, 'V')]",K166V:K45V,4.30829268693924,2.17550122604494,MSKGEELFTGIVPVLIELDGDVHGHKFSVRGEGEGDADYGKLEIVFICTTGKLPVPWPTLVTTLSYGILCFARYPEHMKMNDFFKSAMPEGYIQERTIFFQDDGKYKTRGEVKFEGDTLVNRIELKGMDFKEDGNILGHKLEYNFNSHNVYIMPDKANNGLKVNFVIRHNIEGGGVQLADHYQTNVPLGDGPVLIPINHYLSCQTAISKDRNETRDHMVFLEFFSACGHTHGMDELYK
amacGFP,2,"[(166, 'V'), (148, 'K')]",K166V:H148K,4.297461554408073,2.1219160601134925,MSKGEELFTGIVPVLIELDGDVHGHKFSVRGEGEGDADYGKLEIKFICTTGKLPVPWPTLVTTLSYGILCFARYPEHMKMNDFFKSAMPEGYIQERTIFFQDDGKYKTRGEVKFEGDTLVNRIELKGMDFKEDGNILGHKLEYNFNSKNVYIMPDKANNGLKVNFVIRHNIEGGGVQLADHYQTNVPLGDGPVLIPINHYLSCQTAISKDRNETRDHMVFLEFFSACGHTHGMDELYK
amacGFP,2,"[(166, 'V'), (200, 'V')]",K166V:Y200V,4.288599669933319,2.07905661293439,MSKGEELFTGIVPVLIELDGDVHGHKFSVRGEGEGDADYGKLEIKFICTTGKLPVPWPTLVTTLSYGILCFARYPEHMKMNDFFKSAMPEGYIQERTIFFQDDGKYKTRGEVKFEGDTLVNRIELKGMDFKEDGNILGHKLEYNFNSHNVYIMPDKANNGLKVNFVIRHNIEGGGVQLADHYQTNVPLGDGPVLIPINHVLSCQTAISKDRNETRDHMVFLEFFSACGHTHGMDELYK
amacGFP,2,"[(166, 'V'), (100, 'P')]",K166V:F100P,4.284594565629959,2.0599714961574587,MSKGEELFTGIVPVLIELDGDVHGHKFSVRGEGEGDADYGKLEIKFICTTGKLPVPWPTLVTTLSYGILCFARYPEHMKMNDFFKSAMPEGYIQERTIFPQDDGKYKTRGEVKFEGDTLVNRIELKGMDFKEDGNILGHKLEYNFNSHNVYIMPDKANNGLKVNFVIRHNIEGGGVQLADHYQTNVPLGDGPVLIPINHYLSCQTAISKDRNETRDHMVFLEFFSACGHTHGMDELYK
amacGFP,2,"[(45, 'V'), (148, 'K')]",K45V:H148K,4.274580135941505,2.0130139354752767,MSKGEELFTGIVPVLIELDGDVHGHKFSVRGEGEGDADYGKLEIVFICTTGKLPVPWPTLVTTLSYGILCFARYPEHMKMNDFFKSAMPEGYIQERTIFFQDDGKYKTRGEVKFEGDTLVNRIELKGMDFKEDGNILGHKLEYNFNSKNVYIMPDKANNGLKVNFKIRHNIEGGGVQLADHYQTNVPLGDGPVLIPINHYLSCQTAISKDRNETRDHMVFLEFFSACGHTHGMDELYK
amacGFP,2,"[(166, 'V'), (45, 'C')]",K166V:K45C,4.271890178322792,2.0005841502911665,MSKGEELFTGIVPVLIELDGDVHGHKFSVRGEGEGDADYGKLEICFICTTGKLPVPWPTLVTTLSYGILCFARYPEHMKMNDFFKSAMPEGYIQERTIFFQDDGKYKTRGEVKFEGDTLVNRIELKGMDFKEDGNILGHKLEYNFNSHNVYIMPDKANNGLKVNFVIRHNIEGGGVQLADHYQTNVPLGDGPVLIPINHYLSCQTAISKDRNETRDHMVFLEFFSACGHTHGMDELYK
amacGFP,2,"[(45, 'V'), (200, 'V')]",K45V:Y200V,4.265718251466751,1.9723541440442784,MSKGEELFTGIVPVLIELDGDVHGHKFSVRGEGEGDADYGKLEIVFICTTGKLPVPWPTLVTTLSYGILCFARYPEHMKMNDFFKSAMPEGYIQERTIFFQDDGKYKTRGEVKFEGDTLVNRIELKGMDFKEDGNILGHKLEYNFNSHNVYIMPDKANNGLKVNFKIRHNIEGGGVQLADHYQTNVPLGDGPVLIPINHVLSCQTAISKDRNETRDHMVFLEFFSACGHTHGMDELYK
amacGFP,2,"[(166, 'V'), (200, 'P')]",K166V:Y200P,4.263260960578919,1.9612258372615967,MSKGEELFTGIVPVLIELDGDVHGHKFSVRGEGEGDADYGKLEIKFICTTGKLPVPWPTLVTTLSYGILCFARYPEHMKMNDFFKSAMPEGYIQERTIFFQDDGKYKTRGEVKFEGDTLVNRIELKGMDFKEDGNILGHKLEYNFNSHNVYIMPDKANNGLKVNFVIRHNIEGGGVQLADHYQTNVPLGDGPVLIPINHPLSCQTAISKDRNETRDHMVFLEFFSACGHTHGMDELYK
amacGFP,2,"[(45, 'V'), (166, 'T')]",K45V:K166T,4.262014880776405,1.9556067437385385,MSKGEELFTGIVPVLIELDGDVHGHKFSVRGEGEGDADYGKLEIVFICTTGKLPVPWPTLVTTLSYGILCFARYPEHMKMNDFFKSAMPEGYIQERTIFFQDDGKYKTRGEVKFEGDTLVNRIELKGMDFKEDGNILGHKLEYNFNSHNVYIMPDKANNGLKVNFTIRHNIEGGGVQLADHYQTNVPLGDGPVLIPINHYLSCQTAISKDRNETRDHMVFLEFFSACGHTHGMDELYK
amacGFP,2,"[(45, 'V'), (100, 'P')]",K45V:F100P,4.261713147163391,1.9542485239614176,MSKGEELFTGIVPVLIELDGDVHGHKFSVRGEGEGDADYGKLEIVFICTTGKLPVPWPTLVTTLSYGILCFARYPEHMKMNDFFKSAMPEGYIQERTIFPQDDGKYKTRGEVKFEGDTLVNRIELKGMDFKEDGNILGHKLEYNFNSHNVYIMPDKANNGLKVNFKIRHNIEGGGVQLADHYQTNVPLGDGPVLIPINHYLSCQTAISKDRNETRDHMVFLEFFSACGHTHGMDELYK
amacGFP,2,"[(166, 'V'), (162, 'G')]",K166V:K162G,4.259054645895958,1.9423222774876816,MSKGEELFTGIVPVLIELDGDVHGHKFSVRGEGEGDADYGKLEIKFICTTGKLPVPWPTLVTTLSYGILCFARYPEHMKMNDFFKSAMPEGYIQERTIFFQDDGKYKTRGEVKFEGDTLVNRIELKGMDFKEDGNILGHKLEYNFNSHNVYIMPDKANNGLGVNFVIRHNIEGGGVQLADHYQTNVPLGDGPVLIPINHYLSCQTAISKDRNETRDHMVFLEFFSACGHTHGMDELYK
amacGFP,2,"[(166, 'V'), (162, 'A')]",K166V:K162A,4.256831511855125,1.9324050212183637,MSKGEELFTGIVPVLIELDGDVHGHKFSVRGEGEGDADYGKLEIKFICTTGKLPVPWPTLVTTLSYGILCFARYPEHMKMNDFFKSAMPEGYIQERTIFFQDDGKYKTRGEVKFEGDTLVNRIELKGMDFKEDGNILGHKLEYNFNSHNVYIMPDKANNGLAVNFVIRHNIEGGGVQLADHYQTNVPLGDGPVLIPINHYLSCQTAISKDRNETRDHMVFLEFFSACGHTHGMDELYK
amacGFP,3,"[(166, 'V'), (45, 'V'), (148, 'K')]",K166V:K45V:H148K,4.489641904830933,3.302999821910816,MSKGEELFTGIVPVLIELDGDVHGHKFSVRGEGEGDADYGKLEIVFICTTGKLPVPWPTLVTTLSYGILCFARYPEHMKMNDFFKSAMPEGYIQERTIFFQDDGKYKTRGEVKFEGDTLVNRIELKGMDFKEDGNILGHKLEYNFNSKNVYIMPDKANNGLKVNFVIRHNIEGGGVQLADHYQTNVPLGDGPVLIPINHYLSCQTAISKDRNETRDHMVFLEFFSACGHTHGMDELYK
amacGFP,3,"[(166, 'V'), (45, 'V'), (200, 'V')]",K166V:K45V:Y200V,4.480780020356178,3.236284295759324,MSKGEELFTGIVPVLIELDGDVHGHKFSVRGEGEGDADYGKLEIVFICTTGKLPVPWPTLVTTLSYGILCFARYPEHMKMNDFFKSAMPEGYIQERTIFFQDDGKYKTRGEVKFEGDTLVNRIELKGMDFKEDGNILGHKLEYNFNSHNVYIMPDKANNGLKVNFVIRHNIEGGGVQLADHYQTNVPLGDGPVLIPINHVLSCQTAISKDRNETRDHMVFLEFFSACGHTHGMDELYK
amacGFP,3,"[(166, 'V'), (45, 'V'), (100, 'P')]",K166V:K45V:F100P,4.476774916052818,3.206576175584212,MSKGEELFTGIVPVLIELDGDVHGHKFSVRGEGEGDADYGKLEIVFICTTGKLPVPWPTLVTTLSYGILCFARYPEHMKMNDFFKSAMPEGYIQERTIFPQDDGKYKTRGEVKFEGDTLVNRIELKGMDFKEDGNILGHKLEYNFNSHNVYIMPDKANNGLKVNFVIRHNIEGGGVQLADHYQTNVPLGDGPVLIPINHYLSCQTAISKDRNETRDHMVFLEFFSACGHTHGMDELYK
amacGFP,3,"[(166, 'V'), (148, 'K'), (200, 'V')]",K166V:H148K:Y200V,4.469948887825012,3.156570789320684,MSKGEELFTGIVPVLIELDGDVHGHKFSVRGEGEGDADYGKLEIKFICTTGKLPVPWPTLVTTLSYGILCFARYPEHMKMNDFFKSAMPEGYIQERTIFFQDDGKYKTRGEVKFEGDTLVNRIELKGMDFKEDGNILGHKLEYNFNSKNVYIMPDKANNGLKVNFVIRHNIEGGGVQLADHYQTNVPLGDGPVLIPINHVLSCQTAISKDRNETRDHMVFLEFFSACGHTHGMDELYK
amacGFP,3,"[(166, 'V'), (148, 'K'), (100, 'P')]",K166V:H148K:F100P,4.465943783521652,3.1275944152508086,MSKGEELFTGIVPVLIELDGDVHGHKFSVRGEGEGDADYGKLEIKFICTTGKLPVPWPTLVTTLSYGILCFARYPEHMKMNDFFKSAMPEGYIQERTIFPQDDGKYKTRGEVKFEGDTLVNRIELKGMDFKEDGNILGHKLEYNFNSKNVYIMPDKANNGLKVNFVIRHNIEGGGVQLADHYQTNVPLGDGPVLIPINHYLSCQTAISKDRNETRDHMVFLEFFSACGHTHGMDELYK
amacGFP,3,"[(166, 'V'), (200, 'V'), (100, 'P')]",K166V:Y200V:F100P,4.457081899046898,3.064421809058776,MSKGEELFTGIVPVLIELDGDVHGHKFSVRGEGEGDADYGKLEIKFICTTGKLPVPWPTLVTTLSYGILCFARYPEHMKMNDFFKSAMPEGYIQERTIFPQDDGKYKTRGEVKFEGDTLVNRIELKGMDFKEDGNILGHKLEYNFNSHNVYIMPDKANNGLKVNFVIRHNIEGGGVQLADHYQTNVPLGDGPVLIPINHVLSCQTAISKDRNETRDHMVFLEFFSACGHTHGMDELYK
amacGFP,3,"[(166, 'V'), (45, 'V'), (200, 'P')]",K166V:K45V:Y200P,4.455441311001778,3.0528675063873485,MSKGEELFTGIVPVLIELDGDVHGHKFSVRGEGEGDADYGKLEIVFICTTGKLPVPWPTLVTTLSYGILCFARYPEHMKMNDFFKSAMPEGYIQERTIFFQDDGKYKTRGEVKFEGDTLVNRIELKGMDFKEDGNILGHKLEYNFNSHNVYIMPDKANNGLKVNFVIRHNIEGGGVQLADHYQTNVPLGDGPVLIPINHPLSCQTAISKDRNETRDHMVFLEFFSACGHTHGMDELYK
amacGFP,3,"[(166, 'V'), (148, 'K'), (45, 'C')]",K166V:H148K:K45C,4.453239396214485,3.037428346635563,MSKGEELFTGIVPVLIELDGDVHGHKFSVRGEGEGDADYGKLEICFICTTGKLPVPWPTLVTTLSYGILCFARYPEHMKMNDFFKSAMPEGYIQERTIFFQDDGKYKTRGEVKFEGDTLVNRIELKGMDFKEDGNILGHKLEYNFNSKNVYIMPDKANNGLKVNFVIRHNIEGGGVQLADHYQTNVPLGDGPVLIPINHYLSCQTAISKDRNETRDHMVFLEFFSACGHTHGMDELYK
amacGFP,3,"[(166, 'V'), (45, 'V'), (162, 'G')]",K166V:K45V:K162G,4.451234996318817,3.0234420000063924,MSKGEELFTGIVPVLIELDGDVHGHKFSVRGEGEGDADYGKLEIVFICTTGKLPVPWPTLVTTLSYGILCFARYPEHMKMNDFFKSAMPEGYIQERTIFFQDDGKYKTRGEVKFEGDTLVNRIELKGMDFKEDGNILGHKLEYNFNSHNVYIMPDKANNGLGVNFVIRHNIEGGGVQLADHYQTNVPLGDGPVLIPINHYLSCQTAISKDRNETRDHMVFLEFFSACGHTHGMDELYK
amacGFP,3,"[(166, 'V'), (45, 'V'), (162, 'A')]",K166V:K45V:K162A,4.449011862277985,3.008004680732957,MSKGEELFTGIVPVLIELDGDVHGHKFSVRGEGEGDADYGKLEIVFICTTGKLPVPWPTLVTTLSYGILCFARYPEHMKMNDFFKSAMPEGYIQERTIFFQDDGKYKTRGEVKFEGDTLVNRIELKGMDFKEDGNILGHKLEYNFNSHNVYIMPDKANNGLAVNFVIRHNIEGGGVQLADHYQTNVPLGDGPVLIPINHYLSCQTAISKDRNETRDHMVFLEFFSACGHTHGMDELYK
amacGFP,3,"[(166, 'V'), (45, 'V'), (206, 'L')]",K166V:K45V:A206L,4.448851898312569,3.006896944456344,MSKGEELFTGIVPVLIELDGDVHGHKFSVRGEGEGDADYGKLEIVFICTTGKLPVPWPTLVTTLSYGILCFARYPEHMKMNDFFKSAMPEGYIQERTIFFQDDGKYKTRGEVKFEGDTLVNRIELKGMDFKEDGNILGHKLEYNFNSHNVYIMPDKANNGLKVNFVIRHNIEGGGVQLADHYQTNVPLGDGPVLIPINHYLSCQTLISKDRNETRDHMVFLEFFSACGHTHGMDELYK
amacGFP,3,"[(166, 'V'), (45, 'V'), (68, 'V')]",K166V:K45V:I68V,4.44825191795826,3.0027457669258637,MSKGEELFTGIVPVLIELDGDVHGHKFSVRGEGEGDADYGKLEIVFICTTGKLPVPWPTLVTTLSYGVLCFARYPEHMKMNDFFKSAMPEGYIQERTIFFQDDGKYKTRGEVKFEGDTLVNRIELKGMDFKEDGNILGHKLEYNFNSHNVYIMPDKANNGLKVNFVIRHNIEGGGVQLADHYQTNVPLGDGPVLIPINHYLSCQTAISKDRNETRDHMVFLEFFSACGHTHGMDELYK
amacGFP,4,"[(166, 'V'), (45, 'V'), (148, 'K'), (200, 'V')]",K166V:K45V:H148K:Y200V,4.662129238247871,4.913555701358635,MSKGEELFTGIVPVLIELDGDVHGHKFSVRGEGEGDADYGKLEIVFICTTGKLPVPWPTLVTTLSYGILCFARYPEHMKMNDFFKSAMPEGYIQERTIFFQDDGKYKTRGEVKFEGDTLVNRIELKGMDFKEDGNILGHKLEYNFNSKNVYIMPDKANNGLKVNFVIRHNIEGGGVQLADHYQTNVPLGDGPVLIPINHVLSCQTAISKDRNETRDHMVFLEFFSACGHTHGMDELYK
amacGFP,4,"[(166, 'V'), (45, 'V'), (148, 'K'), (100, 'P')]",K166V:K45V:H148K:F100P,4.658124133944511,4.868450732226491,MSKGEELFTGIVPVLIELDGDVHGHKFSVRGEGEGDADYGKLEIVFICTTGKLPVPWPTLVTTLSYGILCFARYPEHMKMNDFFKSAMPEGYIQERTIFPQDDGKYKTRGEVKFEGDTLVNRIELKGMDFKEDGNILGHKLEYNFNSKNVYIMPDKANNGLKVNFVIRHNIEGGGVQLADHYQTNVPLGDGPVLIPINHYLSCQTAISKDRNETRDHMVFLEFFSACGHTHGMDELYK
amacGFP,4,"[(166, 'V'), (45, 'V'), (200, 'V'), (100, 'P')]",K166V:K45V:Y200V:F100P,4.649262249469757,4.770115500723146,MSKGEELFTGIVPVLIELDGDVHGHKFSVRGEGEGDADYGKLEIVFICTTGKLPVPWPTLVTTLSYGILCFARYPEHMKMNDFFKSAMPEGYIQERTIFPQDDGKYKTRGEVKFEGDTLVNRIELKGMDFKEDGNILGHKLEYNFNSHNVYIMPDKANNGLKVNFVIRHNIEGGGVQLADHYQTNVPLGDGPVLIPINHVLSCQTAISKDRNETRDHMVFLEFFSACGHTHGMDELYK
amacGFP,4,"[(166, 'V'), (148, 'K'), (200, 'V'), (100, 'P')]",K166V:H148K:Y200V:F100P,4.638431116938591,4.652621919217281,MSKGEELFTGIVPVLIELDGDVHGHKFSVRGEGEGDADYGKLEIKFICTTGKLPVPWPTLVTTLSYGILCFARYPEHMKMNDFFKSAMPEGYIQERTIFPQDDGKYKTRGEVKFEGDTLVNRIELKGMDFKEDGNILGHKLEYNFNSKNVYIMPDKANNGLKVNFVIRHNIEGGGVQLADHYQTNVPLGDGPVLIPINHVLSCQTAISKDRNETRDHMVFLEFFSACGHTHGMDELYK
amacGFP,4,"[(166, 'V'), (45, 'V'), (148, 'K'), (200, 'P')]",K166V:K45V:H148K:Y200P,4.636790528893471,4.635079359732996,MSKGEELFTGIVPVLIELDGDVHGHKFSVRGEGEGDADYGKLEIVFICTTGKLPVPWPTLVTTLSYGILCFARYPEHMKMNDFFKSAMPEGYIQERTIFFQDDGKYKTRGEVKFEGDTLVNRIELKGMDFKEDGNILGHKLEYNFNSKNVYIMPDKANNGLKVNFVIRHNIEGGGVQLADHYQTNVPLGDGPVLIPINHPLSCQTAISKDRNETRDHMVFLEFFSACGHTHGMDELYK
amacGFP,4,"[(166, 'V'), (45, 'V'), (148, 'K'), (162, 'G')]",K166V:K45V:H148K:K162G,4.63258421421051,4.590403474850766,MSKGEELFTGIVPVLIELDGDVHGHKFSVRGEGEGDADYGKLEIVFICTTGKLPVPWPTLVTTLSYGILCFARYPEHMKMNDFFKSAMPEGYIQERTIFFQDDGKYKTRGEVKFEGDTLVNRIELKGMDFKEDGNILGHKLEYNFNSKNVYIMPDKANNGLGVNFVIRHNIEGGGVQLADHYQTNVPLGDGPVLIPINHYLSCQTAISKDRNETRDHMVFLEFFSACGHTHGMDELYK
amacGFP,4,"[(166, 'V'), (45, 'V'), (148, 'K'), (162, 'A')]",K166V:K45V:H148K:K162A,4.630361080169678,4.566965444938167,MSKGEELFTGIVPVLIELDGDVHGHKFSVRGEGEGDADYGKLEIVFICTTGKLPVPWPTLVTTLSYGILCFARYPEHMKMNDFFKSAMPEGYIQERTIFFQDDGKYKTRGEVKFEGDTLVNRIELKGMDFKEDGNILGHKLEYNFNSKNVYIMPDKANNGLAVNFVIRHNIEGGGVQLADHYQTNVPLGDGPVLIPINHYLSCQTAISKDRNETRDHMVFLEFFSACGHTHGMDELYK
amacGFP,4,"[(166, 'V'), (45, 'V'), (148, 'K'), (206, 'L')]",K166V:K45V:H148K:A206L,4.630201116204262,4.565283601379279,MSKGEELFTGIVPVLIELDGDVHGHKFSVRGEGEGDADYGKLEIVFICTTGKLPVPWPTLVTTLSYGILCFARYPEHMKMNDFFKSAMPEGYIQERTIFFQDDGKYKTRGEVKFEGDTLVNRIELKGMDFKEDGNILGHKLEYNFNSKNVYIMPDKANNGLKVNFVIRHNIEGGGVQLADHYQTNVPLGDGPVLIPINHYLSCQTLISKDRNETRDHMVFLEFFSACGHTHGMDELYK
amacGFP,4,"[(166, 'V'), (45, 'V'), (148, 'K'), (68, 'V')]",K166V:K45V:H148K:I68V,4.629601135849953,4.558980990063897,MSKGEELFTGIVPVLIELDGDVHGHKFSVRGEGEGDADYGKLEIVFICTTGKLPVPWPTLVTTLSYGVLCFARYPEHMKMNDFFKSAMPEGYIQERTIFFQDDGKYKTRGEVKFEGDTLVNRIELKGMDFKEDGNILGHKLEYNFNSKNVYIMPDKANNGLKVNFVIRHNIEGGGVQLADHYQTNVPLGDGPVLIPINHYLSCQTAISKDRNETRDHMVFLEFFSACGHTHGMDELYK
amacGFP,4,"[(166, 'V'), (148, 'K'), (200, 'V'), (45, 'C')]",K166V:H148K:Y200V:K45C,4.625726729631424,4.518490516128911,MSKGEELFTGIVPVLIELDGDVHGHKFSVRGEGEGDADYGKLEICFICTTGKLPVPWPTLVTTLSYGILCFARYPEHMKMNDFFKSAMPEGYIQERTIFFQDDGKYKTRGEVKFEGDTLVNRIELKGMDFKEDGNILGHKLEYNFNSKNVYIMPDKANNGLKVNFVIRHNIEGGGVQLADHYQTNVPLGDGPVLIPINHVLSCQTAISKDRNETRDHMVFLEFFSACGHTHGMDELYK
amacGFP,4,"[(166, 'V'), (45, 'V'), (100, 'P'), (200, 'P')]",K166V:K45V:F100P:Y200P,4.6239235401153564,4.499768649174107,MSKGEELFTGIVPVLIELDGDVHGHKFSVRGEGEGDADYGKLEIVFICTTGKLPVPWPTLVTTLSYGILCFARYPEHMKMNDFFKSAMPEGYIQERTIFPQDDGKYKTRGEVKFEGDTLVNRIELKGMDFKEDGNILGHKLEYNFNSHNVYIMPDKANNGLKVNFVIRHNIEGGGVQLADHYQTNVPLGDGPVLIPINHPLSCQTAISKDRNETRDHMVFLEFFSACGHTHGMDELYK
amacGFP,4,"[(166, 'V'), (45, 'V'), (200, 'V'), (162, 'G')]",K166V:K45V:Y200V:K162G,4.623722329735756,4.497684371131548,MSKGEELFTGIVPVLIELDGDVHGHKFSVRGEGEGDADYGKLEIVFICTTGKLPVPWPTLVTTLSYGILCFARYPEHMKMNDFFKSAMPEGYIQERTIFFQDDGKYKTRGEVKFEGDTLVNRIELKGMDFKEDGNILGHKLEYNFNSHNVYIMPDKANNGLGVNFVIRHNIEGGGVQLADHYQTNVPLGDGPVLIPINHVLSCQTAISKDRNETRDHMVFLEFFSACGHTHGMDELYK
cgreGFP,2,"[(163, 'S'), (130, 'C')]",K163S:G130C,4.952024161815643,2.851741418891472,MTALTEGAKLFEKEIPYITELEGDVEGMKFIIKGEGTGDATTGTIKAKYICTTGDLPVPWATILSSLSYGVFCFAKYPRHIADFFKSTQPDGYSQDRIISFDNDGQYDVKAKVTYENGTLYNRVTVKGTCFKSNGNILGMRVLYHSPPHAVYILPDRKNGGMSIEYNKAFDVMGGGHQMARHAQFNKPLGAWEEDYPLYHHLTVWTSFGKDPDDDETDHLTIVEVIKAVDLETYR
cgreGFP,2,"[(163, 'S'), (8, 'Q')]",K163S:A8Q,4.915645003318787,2.6225935266130067,MTALTEGQKLFEKEIPYITELEGDVEGMKFIIKGEGTGDATTGTIKAKYICTTGDLPVPWATILSSLSYGVFCFAKYPRHIADFFKSTQPDGYSQDRIISFDNDGQYDVKAKVTYENGTLYNRVTVKGTGFKSNGNILGMRVLYHSPPHAVYILPDRKNGGMSIEYNKAFDVMGGGHQMARHAQFNKPLGAWEEDYPLYHHLTVWTSFGKDPDDDETDHLTIVEVIKAVDLETYR
cgreGFP,2,"[(163, 'S'), (80, 'L')]",K163S:H80L,4.907292693853378,2.572637971531083,MTALTEGAKLFEKEIPYITELEGDVEGMKFIIKGEGTGDATTGTIKAKYICTTGDLPVPWATILSSLSYGVFCFAKYPRLIADFFKSTQPDGYSQDRIISFDNDGQYDVKAKVTYENGTLYNRVTVKGTGFKSNGNILGMRVLYHSPPHAVYILPDRKNGGMSIEYNKAFDVMGGGHQMARHAQFNKPLGAWEEDYPLYHHLTVWTSFGKDPDDDETDHLTIVEVIKAVDLETYR
cgreGFP,2,"[(163, 'S'), (110, 'G')]",K163S:K110G,4.887641400098801,2.458823649904592,MTALTEGAKLFEKEIPYITELEGDVEGMKFIIKGEGTGDATTGTIKAKYICTTGDLPVPWATILSSLSYGVFCFAKYPRHIADFFKSTQPDGYSQDRIISFDNDGQYDVGAKVTYENGTLYNRVTVKGTGFKSNGNILGMRVLYHSPPHAVYILPDRKNGGMSIEYNKAFDVMGGGHQMARHAQFNKPLGAWEEDYPLYHHLTVWTSFGKDPDDDETDHLTIVEVIKAVDLETYR
cgreGFP,2,"[(130, 'C'), (8, 'Q')]",G130C:A8Q,4.877213418483734,2.4004872305094653,MTALTEGQKLFEKEIPYITELEGDVEGMKFIIKGEGTGDATTGTIKAKYICTTGDLPVPWATILSSLSYGVFCFAKYPRHIADFFKSTQPDGYSQDRIISFDNDGQYDVKAKVTYENGTLYNRVTVKGTCFKSNGNILGMRVLYHSPPHAVYILPDRKNGGMKIEYNKAFDVMGGGHQMARHAQFNKPLGAWEEDYPLYHHLTVWTSFGKDPDDDETDHLTIVEVIKAVDLETYR
cgreGFP,2,"[(163, 'S'), (13, 'A')]",K163S:K13A,4.87586584687233,2.3930503067287265,MTALTEGAKLFEAEIPYITELEGDVEGMKFIIKGEGTGDATTGTIKAKYICTTGDLPVPWATILSSLSYGVFCFAKYPRHIADFFKSTQPDGYSQDRIISFDNDGQYDVKAKVTYENGTLYNRVTVKGTGFKSNGNILGMRVLYHSPPHAVYILPDRKNGGMSIEYNKAFDVMGGGHQMARHAQFNKPLGAWEEDYPLYHHLTVWTSFGKDPDDDETDHLTIVEVIKAVDLETYR
cgreGFP,2,"[(163, 'S'), (192, 'A')]",K163S:W192A,4.873558402061462,2.380369536656382,MTALTEGAKLFEKEIPYITELEGDVEGMKFIIKGEGTGDATTGTIKAKYICTTGDLPVPWATILSSLSYGVFCFAKYPRHIADFFKSTQPDGYSQDRIISFDNDGQYDVKAKVTYENGTLYNRVTVKGTGFKSNGNILGMRVLYHSPPHAVYILPDRKNGGMSIEYNKAFDVMGGGHQMARHAQFNKPLGAAEEDYPLYHHLTVWTSFGKDPDDDETDHLTIVEVIKAVDLETYR
cgreGFP,2,"[(163, 'S'), (34, 'Q')]",K163S:G34Q,4.8699042201042175,2.36042497795718,MTALTEGAKLFEKEIPYITELEGDVEGMKFIIKQEGTGDATTGTIKAKYICTTGDLPVPWATILSSLSYGVFCFAKYPRHIADFFKSTQPDGYSQDRIISFDNDGQYDVKAKVTYENGTLYNRVTVKGTGFKSNGNILGMRVLYHSPPHAVYILPDRKNGGMSIEYNKAFDVMGGGHQMARHAQFNKPLGAWEEDYPLYHHLTVWTSFGKDPDDDETDHLTIVEVIKAVDLETYR
cgreGFP,2,"[(130, 'C'), (80, 'L')]",G130C:H80L,4.868861109018326,2.354762389488432,MTALTEGAKLFEKEIPYITELEGDVEGMKFIIKGEGTGDATTGTIKAKYICTTGDLPVPWATILSSLSYGVFCFAKYPRLIADFFKSTQPDGYSQDRIISFDNDGQYDVKAKVTYENGTLYNRVTVKGTCFKSNGNILGMRVLYHSPPHAVYILPDRKNGGMKIEYNKAFDVMGGGHQMARHAQFNKPLGAWEEDYPLYHHLTVWTSFGKDPDDDETDHLTIVEVIKAVDLETYR
cgreGFP,2,"[(163, 'S'), (2, 'G')]",K163S:T2G,4.866097271442413,2.3398243325529005,MGALTEGAKLFEKEIPYITELEGDVEGMKFIIKGEGTGDATTGTIKAKYICTTGDLPVPWATILSSLSYGVFCFAKYPRHIADFFKSTQPDGYSQDRIISFDNDGQYDVKAKVTYENGTLYNRVTVKGTGFKSNGNILGMRVLYHSPPHAVYILPDRKNGGMSIEYNKAFDVMGGGHQMARHAQFNKPLGAWEEDYPLYHHLTVWTSFGKDPDDDETDHLTIVEVIKAVDLETYR
cgreGFP,2,"[(130, 'C'), (110, 'G')]",G130C:K110G,4.849209815263748,2.2505869528677485,MTALTEGAKLFEKEIPYITELEGDVEGMKFIIKGEGTGDATTGTIKAKYICTTGDLPVPWATILSSLSYGVFCFAKYPRHIADFFKSTQPDGYSQDRIISFDNDGQYDVGAKVTYENGTLYNRVTVKGTCFKSNGNILGMRVLYHSPPHAVYILPDRKNGGMKIEYNKAFDVMGGGHQMARHAQFNKPLGAWEEDYPLYHHLTVWTSFGKDPDDDETDHLTIVEVIKAVDLETYR
cgreGFP,2,"[(163, 'S'), (152, 'V')]",K163S:Y152V,4.847972959280014,2.244186475904624,MTALTEGAKLFEKEIPYITELEGDVEGMKFIIKGEGTGDATTGTIKAKYICTTGDLPVPWATILSSLSYGVFCFAKYPRHIADFFKSTQPDGYSQDRIISFDNDGQYDVKAKVTYENGTLYNRVTVKGTGFKSNGNILGMRVLYHSPPHAVVILPDRKNGGMSIEYNKAFDVMGGGHQMARHAQFNKPLGAWEEDYPLYHHLTVWTSFGKDPDDDETDHLTIVEVIKAVDLETYR
cgreGFP,3,"[(163, 'S'), (130, 'C'), (8, 'Q')]",K163S:G130C:A8Q,5.265584707260132,5.8704404761156175,MTALTEGQKLFEKEIPYITELEGDVEGMKFIIKGEGTGDATTGTIKAKYICTTGDLPVPWATILSSLSYGVFCFAKYPRHIADFFKSTQPDGYSQDRIISFDNDGQYDVKAKVTYENGTLYNRVTVKGTCFKSNGNILGMRVLYHSPPHAVYILPDRKNGGMSIEYNKAFDVMGGGHQMARHAQFNKPLGAWEEDYPLYHHLTVWTSFGKDPDDDETDHLTIVEVIKAVDLETYR
cgreGFP,3,"[(163, 'S'), (130, 'C'), (80, 'L')]",K163S:G130C:H80L,5.257232397794724,5.758619444917357,MTALTEGAKLFEKEIPYITELEGDVEGMKFIIKGEGTGDATTGTIKAKYICTTGDLPVPWATILSSLSYGVFCFAKYPRLIADFFKSTQPDGYSQDRIISFDNDGQYDVKAKVTYENGTLYNRVTVKGTCFKSNGNILGMRVLYHSPPHAVYILPDRKNGGMSIEYNKAFDVMGGGHQMARHAQFNKPLGAWEEDYPLYHHLTVWTSFGKDPDDDETDHLTIVEVIKAVDLETYR
cgreGFP,3,"[(163, 'S'), (130, 'C'), (110, 'G')]",K163S:G130C:K110G,5.237581104040146,5.503856290178439,MTALTEGAKLFEKEIPYITELEGDVEGMKFIIKGEGTGDATTGTIKAKYICTTGDLPVPWATILSSLSYGVFCFAKYPRHIADFFKSTQPDGYSQDRIISFDNDGQYDVGAKVTYENGTLYNRVTVKGTCFKSNGNILGMRVLYHSPPHAVYILPDRKNGGMSIEYNKAFDVMGGGHQMARHAQFNKPLGAWEEDYPLYHHLTVWTSFGKDPDDDETDHLTIVEVIKAVDLETYR
cgreGFP,3,"[(163, 'S'), (130, 'C'), (13, 'A')]",K163S:G130C:K13A,5.225805550813675,5.356628558503336,MTALTEGAKLFEAEIPYITELEGDVEGMKFIIKGEGTGDATTGTIKAKYICTTGDLPVPWATILSSLSYGVFCFAKYPRHIADFFKSTQPDGYSQDRIISFDNDGQYDVKAKVTYENGTLYNRVTVKGTCFKSNGNILGMRVLYHSPPHAVYILPDRKNGGMSIEYNKAFDVMGGGHQMARHAQFNKPLGAWEEDYPLYHHLTVWTSFGKDPDDDETDHLTIVEVIKAVDLETYR
cgreGFP,3,"[(163, 'S'), (130, 'C'), (192, 'A')]",K163S:G130C:W192A,5.223498106002808,5.328243791613002,MTALTEGAKLFEKEIPYITELEGDVEGMKFIIKGEGTGDATTGTIKAKYICTTGDLPVPWATILSSLSYGVFCFAKYPRHIADFFKSTQPDGYSQDRIISFDNDGQYDVKAKVTYENGTLYNRVTVKGTCFKSNGNILGMRVLYHSPPHAVYILPDRKNGGMSIEYNKAFDVMGGGHQMARHAQFNKPLGAAEEDYPLYHHLTVWTSFGKDPDDDETDHLTIVEVIKAVDLETYR
cgreGFP,3,"[(163, 'S'), (8, 'Q'), (80, 'L')]",K163S:A8Q:H80L,5.220853239297867,5.295893231560488,MTALTEGQKLFEKEIPYITELEGDVEGMKFIIKGEGTGDATTGTIKAKYICTTGDLPVPWATILSSLSYGVFCFAKYPRLIADFFKSTQPDGYSQDRIISFDNDGQYDVKAKVTYENGTLYNRVTVKGTGFKSNGNILGMRVLYHSPPHAVYILPDRKNGGMSIEYNKAFDVMGGGHQMARHAQFNKPLGAWEEDYPLYHHLTVWTSFGKDPDDDETDHLTIVEVIKAVDLETYR
cgreGFP,3,"[(163, 'S'), (130, 'C'), (34, 'Q')]",K163S:G130C:G34Q,5.219843924045563,5.283599685129118,MTALTEGAKLFEKEIPYITELEGDVEGMKFIIKQEGTGDATTGTIKAKYICTTGDLPVPWATILSSLSYGVFCFAKYPRHIADFFKSTQPDGYSQDRIISFDNDGQYDVKAKVTYENGTLYNRVTVKGTCFKSNGNILGMRVLYHSPPHAVYILPDRKNGGMSIEYNKAFDVMGGGHQMARHAQFNKPLGAWEEDYPLYHHLTVWTSFGKDPDDDETDHLTIVEVIKAVDLETYR
cgreGFP,3,"[(163, 'S'), (130, 'C'), (2, 'G')]",K163S:G130C:T2G,5.216036975383759,5.237486987378516,MGALTEGAKLFEKEIPYITELEGDVEGMKFIIKGEGTGDATTGTIKAKYICTTGDLPVPWATILSSLSYGVFCFAKYPRHIADFFKSTQPDGYSQDRIISFDNDGQYDVKAKVTYENGTLYNRVTVKGTCFKSNGNILGMRVLYHSPPHAVYILPDRKNGGMSIEYNKAFDVMGGGHQMARHAQFNKPLGAWEEDYPLYHHLTVWTSFGKDPDDDETDHLTIVEVIKAVDLETYR
cgreGFP,3,"[(163, 'S'), (8, 'Q'), (110, 'G')]",K163S:A8Q:K110G,5.201201945543289,5.061601231587534,MTALTEGQKLFEKEIPYITELEGDVEGMKFIIKGEGTGDATTGTIKAKYICTTGDLPVPWATILSSLSYGVFCFAKYPRHIADFFKSTQPDGYSQDRIISFDNDGQYDVGAKVTYENGTLYNRVTVKGTGFKSNGNILGMRVLYHSPPHAVYILPDRKNGGMSIEYNKAFDVMGGGHQMARHAQFNKPLGAWEEDYPLYHHLTVWTSFGKDPDDDETDHLTIVEVIKAVDLETYR
cgreGFP,3,"[(163, 'S'), (130, 'C'), (152, 'V')]",K163S:G130C:Y152V,5.197912663221359,5.023410219850587,MTALTEGAKLFEKEIPYITELEGDVEGMKFIIKGEGTGDATTGTIKAKYICTTGDLPVPWATILSSLSYGVFCFAKYPRHIADFFKSTQPDGYSQDRIISFDNDGQYDVKAKVTYENGTLYNRVTVKGTCFKSNGNILGMRVLYHSPPHAVVILPDRKNGGMSIEYNKAFDVMGGGHQMARHAQFNKPLGAWEEDYPLYHHLTVWTSFGKDPDDDETDHLTIVEVIKAVDLETYR
cgreGFP,3,"[(163, 'S'), (130, 'C'), (214, 'H')]",K163S:G130C:D214H,5.193754389882088,4.975541712042803,MTALTEGAKLFEKEIPYITELEGDVEGMKFIIKGEGTGDATTGTIKAKYICTTGDLPVPWATILSSLSYGVFCFAKYPRHIADFFKSTQPDGYSQDRIISFDNDGQYDVKAKVTYENGTLYNRVTVKGTCFKSNGNILGMRVLYHSPPHAVYILPDRKNGGMSIEYNKAFDVMGGGHQMARHAQFNKPLGAWEEDYPLYHHLTVWTSFGKDPDHDETDHLTIVEVIKAVDLETYR
cgreGFP,3,"[(163, 'S'), (80, 'L'), (110, 'G')]",K163S:H80L:K110G,5.192849636077881,4.965187091705987,MTALTEGAKLFEKEIPYITELEGDVEGMKFIIKGEGTGDATTGTIKAKYICTTGDLPVPWATILSSLSYGVFCFAKYPRLIADFFKSTQPDGYSQDRIISFDNDGQYDVGAKVTYENGTLYNRVTVKGTGFKSNGNILGMRVLYHSPPHAVYILPDRKNGGMSIEYNKAFDVMGGGHQMARHAQFNKPLGAWEEDYPLYHHLTVWTSFGKDPDDDETDHLTIVEVIKAVDLETYR
cgreGFP,4,"[(163, 'S'), (130, 'C'), (8, 'Q'), (80, 'L')]",K163S:G130C:A8Q:H80L,5.570792943239212,11.854382186281889,MTALTEGQKLFEKEIPYITELEGDVEGMKFIIKGEGTGDATTGTIKAKYICTTGDLPVPWATILSSLSYGVFCFAKYPRLIADFFKSTQPDGYSQDRIISFDNDGQYDVKAKVTYENGTLYNRVTVKGTCFKSNGNILGMRVLYHSPPHAVYILPDRKNGGMSIEYNKAFDVMGGGHQMARHAQFNKPLGAWEEDYPLYHHLTVWTSFGKDPDDDETDHLTIVEVIKAVDLETYR
cgreGFP,4,"[(163, 'S'), (130, 'C'), (8, 'Q'), (110, 'G')]",K163S:G130C:A8Q:K110G,5.551141649484634,11.329940550201291,MTALTEGQKLFEKEIPYITELEGDVEGMKFIIKGEGTGDATTGTIKAKYICTTGDLPVPWATILSSLSYGVFCFAKYPRHIADFFKSTQPDGYSQDRIISFDNDGQYDVGAKVTYENGTLYNRVTVKGTCFKSNGNILGMRVLYHSPPHAVYILPDRKNGGMSIEYNKAFDVMGGGHQMARHAQFNKPLGAWEEDYPLYHHLTVWTSFGKDPDDDETDHLTIVEVIKAVDLETYR
cgreGFP,4,"[(163, 'S'), (130, 'C'), (80, 'L'), (110, 'G')]",K163S:G130C:H80L:K110G,5.542789340019226,11.114126142254715,MTALTEGAKLFEKEIPYITELEGDVEGMKFIIKGEGTGDATTGTIKAKYICTTGDLPVPWATILSSLSYGVFCFAKYPRLIADFFKSTQPDGYSQDRIISFDNDGQYDVGAKVTYENGTLYNRVTVKGTCFKSNGNILGMRVLYHSPPHAVYILPDRKNGGMSIEYNKAFDVMGGGHQMARHAQFNKPLGAWEEDYPLYHHLTVWTSFGKDPDDDETDHLTIVEVIKAVDLETYR
cgreGFP,4,"[(163, 'S'), (130, 'C'), (8, 'Q'), (13, 'A')]",K163S:G130C:A8Q:K13A,5.539366096258164,11.02686551348629,MTALTEGQKLFEAEIPYITELEGDVEGMKFIIKGEGTGDATTGTIKAKYICTTGDLPVPWATILSSLSYGVFCFAKYPRHIADFFKSTQPDGYSQDRIISFDNDGQYDVKAKVTYENGTLYNRVTVKGTCFKSNGNILGMRVLYHSPPHAVYILPDRKNGGMSIEYNKAFDVMGGGHQMARHAQFNKPLGAWEEDYPLYHHLTVWTSFGKDPDDDETDHLTIVEVIKAVDLETYR
cgreGFP,4,"[(163, 'S'), (130, 'C'), (8, 'Q'), (192, 'A')]",K163S:G130C:A8Q:W192A,5.537058651447296,10.968434169271749,MTALTEGQKLFEKEIPYITELEGDVEGMKFIIKGEGTGDATTGTIKAKYICTTGDLPVPWATILSSLSYGVFCFAKYPRHIADFFKSTQPDGYSQDRIISFDNDGQYDVKAKVTYENGTLYNRVTVKGTCFKSNGNILGMRVLYHSPPHAVYILPDRKNGGMSIEYNKAFDVMGGGHQMARHAQFNKPLGAAEEDYPLYHHLTVWTSFGKDPDDDETDHLTIVEVIKAVDLETYR
cgreGFP,4,"[(163, 'S'), (130, 'C'), (8, 'Q'), (34, 'Q')]",K163S:G130C:A8Q:G34Q,5.533404469490051,10.876532228939134,MTALTEGQKLFEKEIPYITELEGDVEGMKFIIKQEGTGDATTGTIKAKYICTTGDLPVPWATILSSLSYGVFCFAKYPRHIADFFKSTQPDGYSQDRIISFDNDGQYDVKAKVTYENGTLYNRVTVKGTCFKSNGNILGMRVLYHSPPHAVYILPDRKNGGMSIEYNKAFDVMGGGHQMARHAQFNKPLGAWEEDYPLYHHLTVWTSFGKDPDDDETDHLTIVEVIKAVDLETYR
cgreGFP,4,"[(163, 'S'), (130, 'C'), (80, 'L'), (13, 'A')]",K163S:G130C:H80L:K13A,5.531013786792755,10.816824124323198,MTALTEGAKLFEAEIPYITELEGDVEGMKFIIKGEGTGDATTGTIKAKYICTTGDLPVPWATILSSLSYGVFCFAKYPRLIADFFKSTQPDGYSQDRIISFDNDGQYDVKAKVTYENGTLYNRVTVKGTCFKSNGNILGMRVLYHSPPHAVYILPDRKNGGMSIEYNKAFDVMGGGHQMARHAQFNKPLGAWEEDYPLYHHLTVWTSFGKDPDDDETDHLTIVEVIKAVDLETYR
cgreGFP,4,"[(163, 'S'), (130, 'C'), (8, 'Q'), (2, 'G')]",K163S:G130C:A8Q:T2G,5.529597520828247,10.781607126142385,MGALTEGQKLFEKEIPYITELEGDVEGMKFIIKGEGTGDATTGTIKAKYICTTGDLPVPWATILSSLSYGVFCFAKYPRHIADFFKSTQPDGYSQDRIISFDNDGQYDVKAKVTYENGTLYNRVTVKGTCFKSNGNILGMRVLYHSPPHAVYILPDRKNGGMSIEYNKAFDVMGGGHQMARHAQFNKPLGAWEEDYPLYHHLTVWTSFGKDPDDDETDHLTIVEVIKAVDLETYR
cgreGFP,4,"[(163, 'S'), (130, 'C'), (80, 'L'), (192, 'A')]",K163S:G130C:H80L:W192A,5.528706341981888,10.759505789122366,MTALTEGAKLFEKEIPYITELEGDVEGMKFIIKGEGTGDATTGTIKAKYICTTGDLPVPWATILSSLSYGVFCFAKYPRLIADFFKSTQPDGYSQDRIISFDNDGQYDVKAKVTYENGTLYNRVTVKGTCFKSNGNILGMRVLYHSPPHAVYILPDRKNGGMSIEYNKAFDVMGGGHQMARHAQFNKPLGAAEEDYPLYHHLTVWTSFGKDPDDDETDHLTIVEVIKAVDLETYR
cgreGFP,4,"[(163, 'S'), (130, 'C'), (80, 'L'), (34, 'Q')]",K163S:G130C:H80L:G34Q,5.525052160024643,10.669354410741436,MTALTEGAKLFEKEIPYITELEGDVEGMKFIIKQEGTGDATTGTIKAKYICTTGDLPVPWATILSSLSYGVFCFAKYPRLIADFFKSTQPDGYSQDRIISFDNDGQYDVKAKVTYENGTLYNRVTVKGTCFKSNGNILGMRVLYHSPPHAVYILPDRKNGGMSIEYNKAFDVMGGGHQMARHAQFNKPLGAWEEDYPLYHHLTVWTSFGKDPDDDETDHLTIVEVIKAVDLETYR
cgreGFP,4,"[(163, 'S'), (130, 'C'), (80, 'L'), (2, 'G')]",K163S:G130C:H80L:T2G,5.521245211362839,10.57623745554869,MGALTEGAKLFEKEIPYITELEGDVEGMKFIIKGEGTGDATTGTIKAKYICTTGDLPVPWATILSSLSYGVFCFAKYPRLIADFFKSTQPDGYSQDRIISFDNDGQYDVKAKVTYENGTLYNRVTVKGTCFKSNGNILGMRVLYHSPPHAVYILPDRKNGGMSIEYNKAFDVMGGGHQMARHAQFNKPLGAWEEDYPLYHHLTVWTSFGKDPDDDETDHLTIVEVIKAVDLETYR
cgreGFP,4,"[(163, 'S'), (130, 'C'), (8, 'Q'), (152, 'V')]",K163S:G130C:A8Q:Y152V,5.511473208665848,10.340920283791698,MTALTEGQKLFEKEIPYITELEGDVEGMKFIIKGEGTGDATTGTIKAKYICTTGDLPVPWATILSSLSYGVFCFAKYPRHIADFFKSTQPDGYSQDRIISFDNDGQYDVKAKVTYENGTLYNRVTVKGTCFKSNGNILGMRVLYHSPPHAVVILPDRKNGGMSIEYNKAFDVMGGGHQMARHAQFNKPLGAWEEDYPLYHHLTVWTSFGKDPDDDETDHLTIVEVIKAVDLETYR
ppluGFP,2,"[(18, 'S'), (171, 'P')]",E18S:D171P,5.036720395088196,6.469886297443324,MPAMKIECRITGTLNGVSFELVGGGEGTPEQGRMTNKMKSTKGALTFSPYLLSHVMGYGFYHFGTYPSGYENPFLHAINNGGYTNTRIEKYEDGGVLHVSFSYRYEAGRVIGDFKVVGTGFPEDSVIFTDKIIRSNATVEHLHPMGDNVLVGSFARTFSLRDGGYYSFVVPSHMHFKSAIHPSILQNGGPMFAFRRVEELHSNTELGIVEYQHAFKTPIAFA
ppluGFP,2,"[(18, 'S'), (120, 'L')]",E18S:G120L,5.030746549367905,6.381500427582641,MPAMKIECRITGTLNGVSFELVGGGEGTPEQGRMTNKMKSTKGALTFSPYLLSHVMGYGFYHFGTYPSGYENPFLHAINNGGYTNTRIEKYEDGGVLHVSFSYRYEAGRVIGDFKVVGTLFPEDSVIFTDKIIRSNATVEHLHPMGDNVLVGSFARTFSLRDGGYYSFVVDSHMHFKSAIHPSILQNGGPMFAFRRVEELHSNTELGIVEYQHAFKTPIAFA
ppluGFP,2,"[(18, 'S'), (111, 'D')]",E18S:I111D,4.993854075670242,5.8617909892828095,MPAMKIECRITGTLNGVSFELVGGGEGTPEQGRMTNKMKSTKGALTFSPYLLSHVMGYGFYHFGTYPSGYENPFLHAINNGGYTNTRIEKYEDGGVLHVSFSYRYEAGRVDGDFKVVGTGFPEDSVIFTDKIIRSNATVEHLHPMGDNVLVGSFARTFSLRDGGYYSFVVDSHMHFKSAIHPSILQNGGPMFAFRRVEELHSNTELGIVEYQHAFKTPIAFA
ppluGFP,2,"[(18, 'S'), (159, 'P')]",E18S:S159P,4.945257291197777,5.241233938044088,MPAMKIECRITGTLNGVSFELVGGGEGTPEQGRMTNKMKSTKGALTFSPYLLSHVMGYGFYHFGTYPSGYENPFLHAINNGGYTNTRIEKYEDGGVLHVSFSYRYEAGRVIGDFKVVGTGFPEDSVIFTDKIIRSNATVEHLHPMGDNVLVGSFARTFPLRDGGYYSFVVDSHMHFKSAIHPSILQNGGPMFAFRRVEELHSNTELGIVEYQHAFKTPIAFA
ppluGFP,2,"[(18, 'S'), (55, 'K')]",E18S:V55K,4.920830875635147,4.954583236813538,MPAMKIECRITGTLNGVSFELVGGGEGTPEQGRMTNKMKSTKGALTFSPYLLSHKMGYGFYHFGTYPSGYENPFLHAINNGGYTNTRIEKYEDGGVLHVSFSYRYEAGRVIGDFKVVGTGFPEDSVIFTDKIIRSNATVEHLHPMGDNVLVGSFARTFSLRDGGYYSFVVDSHMHFKSAIHPSILQNGGPMFAFRRVEELHSNTELGIVEYQHAFKTPIAFA
ppluGFP,2,"[(18, 'S'), (42, 'A')]",E18S:K42A,4.8810572028160095,4.520989060012416,MPAMKIECRITGTLNGVSFELVGGGEGTPEQGRMTNKMKSTAGALTFSPYLLSHVMGYGFYHFGTYPSGYENPFLHAINNGGYTNTRIEKYEDGGVLHVSFSYRYEAGRVIGDFKVVGTGFPEDSVIFTDKIIRSNATVEHLHPMGDNVLVGSFARTFSLRDGGYYSFVVDSHMHFKSAIHPSILQNGGPMFAFRRVEELHSNTELGIVEYQHAFKTPIAFA
ppluGFP,2,"[(18, 'S'), (199, 'R')]",E18S:E199R,4.875661060214043,4.465162960517064,MPAMKIECRITGTLNGVSFELVGGGEGTPEQGRMTNKMKSTKGALTFSPYLLSHVMGYGFYHFGTYPSGYENPFLHAINNGGYTNTRIEKYEDGGVLHVSFSYRYEAGRVIGDFKVVGTGFPEDSVIFTDKIIRSNATVEHLHPMGDNVLVGSFARTFSLRDGGYYSFVVDSHMHFKSAIHPSILQNGGPMFAFRRVERLHSNTELGIVEYQHAFKTPIAFA
ppluGFP,2,"[(18, 'S'), (206, 'E')]",E18S:L206E,4.8738261461257935,4.446337240156426,MPAMKIECRITGTLNGVSFELVGGGEGTPEQGRMTNKMKSTKGALTFSPYLLSHVMGYGFYHFGTYPSGYENPFLHAINNGGYTNTRIEKYEDGGVLHVSFSYRYEAGRVIGDFKVVGTGFPEDSVIFTDKIIRSNATVEHLHPMGDNVLVGSFARTFSLRDGGYYSFVVDSHMHFKSAIHPSILQNGGPMFAFRRVEELHSNTEEGIVEYQHAFKTPIAFA
ppluGFP,2,"[(18, 'S'), (137, 'S')]",E18S:A137S,4.8722372353076935,4.430099581898793,MPAMKIECRITGTLNGVSFELVGGGEGTPEQGRMTNKMKSTKGALTFSPYLLSHVMGYGFYHFGTYPSGYENPFLHAINNGGYTNTRIEKYEDGGVLHVSFSYRYEAGRVIGDFKVVGTGFPEDSVIFTDKIIRSNSTVEHLHPMGDNVLVGSFARTFSLRDGGYYSFVVDSHMHFKSAIHPSILQNGGPMFAFRRVEELHSNTELGIVEYQHAFKTPIAFA
ppluGFP,2,"[(18, 'S'), (199, 'H')]",E18S:E199H,4.86984683573246,4.405782859958421,MPAMKIECRITGTLNGVSFELVGGGEGTPEQGRMTNKMKSTKGALTFSPYLLSHVMGYGFYHFGTYPSGYENPFLHAINNGGYTNTRIEKYEDGGVLHVSFSYRYEAGRVIGDFKVVGTGFPEDSVIFTDKIIRSNATVEHLHPMGDNVLVGSFARTFSLRDGGYYSFVVDSHMHFKSAIHPSILQNGGPMFAFRRVEHLHSNTELGIVEYQHAFKTPIAFA
ppluGFP,2,"[(18, 'S'), (20, 'P')]",E18S:E20P,4.861364439129829,4.320566484757372,MPAMKIECRITGTLNGVSFPLVGGGEGTPEQGRMTNKMKSTKGALTFSPYLLSHVMGYGFYHFGTYPSGYENPFLHAINNGGYTNTRIEKYEDGGVLHVSFSYRYEAGRVIGDFKVVGTGFPEDSVIFTDKIIRSNATVEHLHPMGDNVLVGSFARTFSLRDGGYYSFVVDSHMHFKSAIHPSILQNGGPMFAFRRVEELHSNTELGIVEYQHAFKTPIAFA
ppluGFP,2,"[(18, 'S'), (221, 'E')]",E18S:F221E,4.859840266406536,4.305429871916004,MPAMKIECRITGTLNGVSFELVGGGEGTPEQGRMTNKMKSTKGALTFSPYLLSHVMGYGFYHFGTYPSGYENPFLHAINNGGYTNTRIEKYEDGGVLHVSFSYRYEAGRVIGDFKVVGTGFPEDSVIFTDKIIRSNATVEHLHPMGDNVLVGSFARTFSLRDGGYYSFVVDSHMHFKSAIHPSILQNGGPMFAFRRVEELHSNTELGIVEYQHAFKTPIAEA
ppluGFP,3,"[(18, 'S'), (171, 'P'), (120, 'L')]",E18S:D171P:G120L,5.322656363248825,12.497772549443694,MPAMKIECRITGTLNGVSFELVGGGEGTPEQGRMTNKMKSTKGALTFSPYLLSHVMGYGFYHFGTYPSGYENPFLHAINNGGYTNTRIEKYEDGGVLHVSFSYRYEAGRVIGDFKVVGTLFPEDSVIFTDKIIRSNATVEHLHPMGDNVLVGSFARTFSLRDGGYYSFVVPSHMHFKSAIHPSILQNGGPMFAFRRVEELHSNTELGIVEYQHAFKTPIAFA
ppluGFP,3,"[(18, 'S'), (171, 'P'), (111, 'D')]",E18S:D171P:I111D,5.285763889551163,11.47995386786901,MPAMKIECRITGTLNGVSFELVGGGEGTPEQGRMTNKMKSTKGALTFSPYLLSHVMGYGFYHFGTYPSGYENPFLHAINNGGYTNTRIEKYEDGGVLHVSFSYRYEAGRVDGDFKVVGTGFPEDSVIFTDKIIRSNATVEHLHPMGDNVLVGSFARTFSLRDGGYYSFVVPSHMHFKSAIHPSILQNGGPMFAFRRVEELHSNTELGIVEYQHAFKTPIAFA
ppluGFP,3,"[(18, 'S'), (120, 'L'), (111, 'D')]",E18S:G120L:I111D,5.279790043830872,11.32312488171309,MPAMKIECRITGTLNGVSFELVGGGEGTPEQGRMTNKMKSTKGALTFSPYLLSHVMGYGFYHFGTYPSGYENPFLHAINNGGYTNTRIEKYEDGGVLHVSFSYRYEAGRVDGDFKVVGTLFPEDSVIFTDKIIRSNATVEHLHPMGDNVLVGSFARTFSLRDGGYYSFVVDSHMHFKSAIHPSILQNGGPMFAFRRVEELHSNTELGIVEYQHAFKTPIAFA
ppluGFP,3,"[(18, 'S'), (171, 'P'), (159, 'P')]",E18S:D171P:S159P,5.237167105078697,10.264631394988934,MPAMKIECRITGTLNGVSFELVGGGEGTPEQGRMTNKMKSTKGALTFSPYLLSHVMGYGFYHFGTYPSGYENPFLHAINNGGYTNTRIEKYEDGGVLHVSFSYRYEAGRVIGDFKVVGTGFPEDSVIFTDKIIRSNATVEHLHPMGDNVLVGSFARTFPLRDGGYYSFVVPSHMHFKSAIHPSILQNGGPMFAFRRVEELHSNTELGIVEYQHAFKTPIAFA
ppluGFP,3,"[(18, 'S'), (120, 'L'), (159, 'P')]",E18S:G120L:S159P,5.231193259358406,10.124405070609184,MPAMKIECRITGTLNGVSFELVGGGEGTPEQGRMTNKMKSTKGALTFSPYLLSHVMGYGFYHFGTYPSGYENPFLHAINNGGYTNTRIEKYEDGGVLHVSFSYRYEAGRVIGDFKVVGTLFPEDSVIFTDKIIRSNATVEHLHPMGDNVLVGSFARTFPLRDGGYYSFVVDSHMHFKSAIHPSILQNGGPMFAFRRVEELHSNTELGIVEYQHAFKTPIAFA
ppluGFP,3,"[(18, 'S'), (171, 'P'), (55, 'K')]",E18S:D171P:V55K,5.212740689516068,9.703243786263968,MPAMKIECRITGTLNGVSFELVGGGEGTPEQGRMTNKMKSTKGALTFSPYLLSHKMGYGFYHFGTYPSGYENPFLHAINNGGYTNTRIEKYEDGGVLHVSFSYRYEAGRVIGDFKVVGTGFPEDSVIFTDKIIRSNATVEHLHPMGDNVLVGSFARTFSLRDGGYYSFVVPSHMHFKSAIHPSILQNGGPMFAFRRVEELHSNTELGIVEYQHAFKTPIAFA
ppluGFP,3,"[(18, 'S'), (120, 'L'), (55, 'K')]",E18S:G120L:V55K,5.206766843795776,9.570686643357435,MPAMKIECRITGTLNGVSFELVGGGEGTPEQGRMTNKMKSTKGALTFSPYLLSHKMGYGFYHFGTYPSGYENPFLHAINNGGYTNTRIEKYEDGGVLHVSFSYRYEAGRVIGDFKVVGTLFPEDSVIFTDKIIRSNATVEHLHPMGDNVLVGSFARTFSLRDGGYYSFVVDSHMHFKSAIHPSILQNGGPMFAFRRVEELHSNTELGIVEYQHAFKTPIAFA
ppluGFP,3,"[(18, 'S'), (111, 'D'), (159, 'P')]",E18S:I111D:S159P,5.194300785660744,9.299873452680664,MPAMKIECRITGTLNGVSFELVGGGEGTPEQGRMTNKMKSTKGALTFSPYLLSHVMGYGFYHFGTYPSGYENPFLHAINNGGYTNTRIEKYEDGGVLHVSFSYRYEAGRVDGDFKVVGTGFPEDSVIFTDKIIRSNATVEHLHPMGDNVLVGSFARTFPLRDGGYYSFVVDSHMHFKSAIHPSILQNGGPMFAFRRVEELHSNTELGIVEYQHAFKTPIAFA
ppluGFP,3,"[(18, 'S'), (171, 'P'), (42, 'A')]",E18S:D171P:K42A,5.17296701669693,8.854076499993575,MPAMKIECRITGTLNGVSFELVGGGEGTPEQGRMTNKMKSTAGALTFSPYLLSHVMGYGFYHFGTYPSGYENPFLHAINNGGYTNTRIEKYEDGGVLHVSFSYRYEAGRVIGDFKVVGTGFPEDSVIFTDKIIRSNATVEHLHPMGDNVLVGSFARTFSLRDGGYYSFVVPSHMHFKSAIHPSILQNGGPMFAFRRVEELHSNTELGIVEYQHAFKTPIAFA
ppluGFP,3,"[(18, 'S'), (111, 'D'), (55, 'K')]",E18S:I111D:V55K,5.169874370098114,8.79124985791681,MPAMKIECRITGTLNGVSFELVGGGEGTPEQGRMTNKMKSTKGALTFSPYLLSHKMGYGFYHFGTYPSGYENPFLHAINNGGYTNTRIEKYEDGGVLHVSFSYRYEAGRVDGDFKVVGTGFPEDSVIFTDKIIRSNATVEHLHPMGDNVLVGSFARTFSLRDGGYYSFVVDSHMHFKSAIHPSILQNGGPMFAFRRVEELHSNTELGIVEYQHAFKTPIAFA
ppluGFP,3,"[(18, 'S'), (171, 'P'), (199, 'R')]",E18S:D171P:E199R,5.167570874094963,8.744744548717689,MPAMKIECRITGTLNGVSFELVGGGEGTPEQGRMTNKMKSTKGALTFSPYLLSHVMGYGFYHFGTYPSGYENPFLHAINNGGYTNTRIEKYEDGGVLHVSFSYRYEAGRVIGDFKVVGTGFPEDSVIFTDKIIRSNATVEHLHPMGDNVLVGSFARTFSLRDGGYYSFVVPSHMHFKSAIHPSILQNGGPMFAFRRVERLHSNTELGIVEYQHAFKTPIAFA
ppluGFP,3,"[(18, 'S'), (120, 'L'), (42, 'A')]",E18S:G120L:K42A,5.166993170976639,8.733119930235276,MPAMKIECRITGTLNGVSFELVGGGEGTPEQGRMTNKMKSTAGALTFSPYLLSHVMGYGFYHFGTYPSGYENPFLHAINNGGYTNTRIEKYEDGGVLHVSFSYRYEAGRVIGDFKVVGTLFPEDSVIFTDKIIRSNATVEHLHPMGDNVLVGSFARTFSLRDGGYYSFVVDSHMHFKSAIHPSILQNGGPMFAFRRVEELHSNTELGIVEYQHAFKTPIAFA
ppluGFP,4,"[(18, 'S'), (171, 'P'), (120, 'L'), (111, 'D')]",E18S:D171P:G120L:I111D,5.571699857711792,22.17563736404907,MPAMKIECRITGTLNGVSFELVGGGEGTPEQGRMTNKMKSTKGALTFSPYLLSHVMGYGFYHFGTYPSGYENPFLHAINNGGYTNTRIEKYEDGGVLHVSFSYRYEAGRVDGDFKVVGTLFPEDSVIFTDKIIRSNATVEHLHPMGDNVLVGSFARTFSLRDGGYYSFVVPSHMHFKSAIHPSILQNGGPMFAFRRVEELHSNTELGIVEYQHAFKTPIAFA
ppluGFP,4,"[(18, 'S'), (171, 'P'), (120, 'L'), (159, 'P')]",E18S:D171P:G120L:S159P,5.523103073239327,19.828019006940576,MPAMKIECRITGTLNGVSFELVGGGEGTPEQGRMTNKMKSTKGALTFSPYLLSHVMGYGFYHFGTYPSGYENPFLHAINNGGYTNTRIEKYEDGGVLHVSFSYRYEAGRVIGDFKVVGTLFPEDSVIFTDKIIRSNATVEHLHPMGDNVLVGSFARTFPLRDGGYYSFVVPSHMHFKSAIHPSILQNGGPMFAFRRVEELHSNTELGIVEYQHAFKTPIAFA
ppluGFP,4,"[(18, 'S'), (171, 'P'), (120, 'L'), (55, 'K')]",E18S:D171P:G120L:V55K,5.498676657676697,18.7435958311124,MPAMKIECRITGTLNGVSFELVGGGEGTPEQGRMTNKMKSTKGALTFSPYLLSHKMGYGFYHFGTYPSGYENPFLHAINNGGYTNTRIEKYEDGGVLHVSFSYRYEAGRVIGDFKVVGTLFPEDSVIFTDKIIRSNATVEHLHPMGDNVLVGSFARTFSLRDGGYYSFVVPSHMHFKSAIHPSILQNGGPMFAFRRVEELHSNTELGIVEYQHAFKTPIAFA
ppluGFP,4,"[(18, 'S'), (171, 'P'), (111, 'D'), (159, 'P')]",E18S:D171P:I111D:S159P,5.486210599541664,18.213225003925988,MPAMKIECRITGTLNGVSFELVGGGEGTPEQGRMTNKMKSTKGALTFSPYLLSHVMGYGFYHFGTYPSGYENPFLHAINNGGYTNTRIEKYEDGGVLHVSFSYRYEAGRVDGDFKVVGTGFPEDSVIFTDKIIRSNATVEHLHPMGDNVLVGSFARTFPLRDGGYYSFVVPSHMHFKSAIHPSILQNGGPMFAFRRVEELHSNTELGIVEYQHAFKTPIAFA
ppluGFP,4,"[(18, 'S'), (120, 'L'), (111, 'D'), (159, 'P')]",E18S:G120L:I111D:S159P,5.480236753821373,17.964412016968787,MPAMKIECRITGTLNGVSFELVGGGEGTPEQGRMTNKMKSTKGALTFSPYLLSHVMGYGFYHFGTYPSGYENPFLHAINNGGYTNTRIEKYEDGGVLHVSFSYRYEAGRVDGDFKVVGTLFPEDSVIFTDKIIRSNATVEHLHPMGDNVLVGSFARTFPLRDGGYYSFVVDSHMHFKSAIHPSILQNGGPMFAFRRVEELHSNTELGIVEYQHAFKTPIAFA
ppluGFP,4,"[(18, 'S'), (171, 'P'), (111, 'D'), (55, 'K')]",E18S:D171P:I111D:V55K,5.461784183979034,17.217117258925487,MPAMKIECRITGTLNGVSFELVGGGEGTPEQGRMTNKMKSTKGALTFSPYLLSHKMGYGFYHFGTYPSGYENPFLHAINNGGYTNTRIEKYEDGGVLHVSFSYRYEAGRVDGDFKVVGTGFPEDSVIFTDKIIRSNATVEHLHPMGDNVLVGSFARTFSLRDGGYYSFVVPSHMHFKSAIHPSILQNGGPMFAFRRVEELHSNTELGIVEYQHAFKTPIAFA
ppluGFP,4,"[(18, 'S'), (171, 'P'), (120, 'L'), (42, 'A')]",E18S:D171P:G120L:K42A,5.458902984857559,17.103273403123286,MPAMKIECRITGTLNGVSFELVGGGEGTPEQGRMTNKMKSTAGALTFSPYLLSHVMGYGFYHFGTYPSGYENPFLHAINNGGYTNTRIEKYEDGGVLHVSFSYRYEAGRVIGDFKVVGTLFPEDSVIFTDKIIRSNATVEHLHPMGDNVLVGSFARTFSLRDGGYYSFVVPSHMHFKSAIHPSILQNGGPMFAFRRVEELHSNTELGIVEYQHAFKTPIAFA
ppluGFP,4,"[(18, 'S'), (120, 'L'), (111, 'D'), (55, 'K')]",E18S:G120L:I111D:V55K,5.455810338258743,16.981912215828388,MPAMKIECRITGTLNGVSFELVGGGEGTPEQGRMTNKMKSTKGALTFSPYLLSHKMGYGFYHFGTYPSGYENPFLHAINNGGYTNTRIEKYEDGGVLHVSFSYRYEAGRVDGDFKVVGTLFPEDSVIFTDKIIRSNATVEHLHPMGDNVLVGSFARTFSLRDGGYYSFVVDSHMHFKSAIHPSILQNGGPMFAFRRVEELHSNTELGIVEYQHAFKTPIAFA
ppluGFP,4,"[(18, 'S'), (171, 'P'), (120, 'L'), (199, 'R')]",E18S:D171P:G120L:E199R,5.453506842255592,16.892078677804413,MPAMKIECRITGTLNGVSFELVGGGEGTPEQGRMTNKMKSTKGALTFSPYLLSHVMGYGFYHFGTYPSGYENPFLHAINNGGYTNTRIEKYEDGGVLHVSFSYRYEAGRVIGDFKVVGTLFPEDSVIFTDKIIRSNATVEHLHPMGDNVLVGSFARTFSLRDGGYYSFVVPSHMHFKSAIHPSILQNGGPMFAFRRVERLHSNTELGIVEYQHAFKTPIAFA
ppluGFP,4,"[(18, 'S'), (171, 'P'), (120, 'L'), (206, 'E')]",E18S:D171P:G120L:L206E,5.451671928167343,16.820859429523846,MPAMKIECRITGTLNGVSFELVGGGEGTPEQGRMTNKMKSTKGALTFSPYLLSHVMGYGFYHFGTYPSGYENPFLHAINNGGYTNTRIEKYEDGGVLHVSFSYRYEAGRVIGDFKVVGTLFPEDSVIFTDKIIRSNATVEHLHPMGDNVLVGSFARTFSLRDGGYYSFVVPSHMHFKSAIHPSILQNGGPMFAFRRVEELHSNTEEGIVEYQHAFKTPIAFA
ppluGFP,4,"[(18, 'S'), (171, 'P'), (120, 'L'), (137, 'S')]",E18S:D171P:G120L:A137S,5.450083017349243,16.759431033011424,MPAMKIECRITGTLNGVSFELVGGGEGTPEQGRMTNKMKSTKGALTFSPYLLSHVMGYGFYHFGTYPSGYENPFLHAINNGGYTNTRIEKYEDGGVLHVSFSYRYEAGRVIGDFKVVGTLFPEDSVIFTDKIIRSNSTVEHLHPMGDNVLVGSFARTFSLRDGGYYSFVVPSHMHFKSAIHPSILQNGGPMFAFRRVEELHSNTELGIVEYQHAFKTPIAFA
ppluGFP,4,"[(18, 'S'), (171, 'P'), (120, 'L'), (199, 'H')]",E18S:D171P:G120L:E199H,5.44769261777401,16.667438874195454,MPAMKIECRITGTLNGVSFELVGGGEGTPEQGRMTNKMKSTKGALTFSPYLLSHVMGYGFYHFGTYPSGYENPFLHAINNGGYTNTRIEKYEDGGVLHVSFSYRYEAGRVIGDFKVVGTLFPEDSVIFTDKIIRSNATVEHLHPMGDNVLVGSFARTFSLRDGGYYSFVVPSHMHFKSAIHPSILQNGGPMFAFRRVEHLHSNTELGIVEYQHAFKTPIAFA
